kw_join,kw_exists,kw_in,kw_group by,kw_order by,kw_limit,kw_where,kw_select,kw_count(,kw_sum(,kw_avg(,kw_min(,kw_max(,kw_distinct,kw_subquery,num_parens,num_equals,num_and,num_or,len_chars,plan_uses_index,plan_temp_btree,plan_scan,plan_search,pair_id,variant,tag,latency_ms
0,0,0,0,1,1,1,1,0,0,0,0,0,0,0,0,1,0,0,112,1,0,1,0,0,A,orderby_variant,0.379
0,0,0,0,1,1,1,1,0,0,0,0,0,0,0,0,1,0,0,110,0,0,1,0,0,B,orderby_variant,0.067
0,0,0,0,0,0,1,1,1,0,0,0,0,0,0,1,1,0,0,59,0,0,0,1,1,A,count_star_vs_one,0.033
0,0,0,0,0,0,1,1,1,0,0,0,0,0,0,1,1,0,0,59,0,0,0,1,1,B,count_star_vs_one,0.032
0,0,1,0,0,0,2,1,0,0,0,0,0,0,0,1,2,1,0,132,0,0,1,1,2,A,in_vs_exists,9.819
0,1,0,0,0,0,2,1,0,0,0,0,0,0,0,1,3,2,0,144,1,0,0,2,2,B,in_vs_exists,2.783
0,0,1,0,0,0,2,1,0,0,0,0,0,0,0,1,2,1,0,132,0,0,1,1,3,A,in_vs_exists,9.573
0,1,0,0,0,0,2,1,0,0,0,0,0,0,0,1,3,2,0,144,1,0,0,2,3,B,in_vs_exists,2.705
0,0,1,0,0,0,2,1,0,0,0,0,0,0,0,1,2,1,0,132,0,0,1,1,4,A,in_vs_exists,9.627
0,1,0,0,0,0,2,1,0,0,0,0,0,0,0,1,3,2,0,144,1,0,0,2,4,B,in_vs_exists,2.784
1,0,0,0,0,0,1,1,0,0,0,0,0,0,0,0,3,1,0,143,1,0,0,2,5,A,join_vs_subquery,7.576
0,0,0,0,0,0,3,1,0,0,0,0,0,0,0,2,4,1,0,223,0,0,1,2,5,B,join_vs_subquery,14.994
0,0,1,0,0,0,2,1,0,0,0,0,0,0,0,1,2,1,0,132,0,0,1,1,6,A,in_vs_exists,9.818
0,1,0,0,0,0,2,1,0,0,0,0,0,0,0,1,3,2,0,144,1,0,0,2,6,B,in_vs_exists,2.93
0,0,0,0,0,0,1,1,1,0,0,0,0,0,0,1,1,0,0,59,0,0,0,1,7,A,count_star_vs_one,0.028
0,0,0,0,0,0,1,1,1,0,0,0,0,0,0,1,1,0,0,59,0,0,0,1,7,B,count_star_vs_one,0.03
1,0,0,0,0,0,1,1,0,0,0,0,0,0,0,0,3,1,0,143,1,0,0,2,8,A,join_vs_subquery,7.784
0,0,0,0,0,0,3,1,0,0,0,0,0,0,0,2,4,1,0,223,0,0,1,2,8,B,join_vs_subquery,15.175
0,0,0,0,0,0,1,1,1,0,0,0,0,0,0,1,1,0,0,59,0,0,0,1,9,A,count_star_vs_one,0.027
0,0,0,0,0,0,1,1,1,0,0,0,0,0,0,1,1,0,0,59,0,0,0,1,9,B,count_star_vs_one,0.027
0,0,1,0,0,0,2,1,0,0,0,0,0,0,0,1,2,1,0,132,0,0,1,1,10,A,in_vs_exists,9.745
0,1,0,0,0,0,2,1,0,0,0,0,0,0,0,1,3,2,0,144,1,0,0,2,10,B,in_vs_exists,2.742
0,0,1,0,0,0,2,1,0,0,0,0,0,0,0,1,2,1,0,132,0,0,1,1,11,A,in_vs_exists,9.717
0,1,0,0,0,0,2,1,0,0,0,0,0,0,0,1,3,2,0,144,1,0,0,2,11,B,in_vs_exists,2.656
0,0,0,0,0,0,1,1,1,0,0,0,0,0,0,1,1,0,0,59,0,0,0,1,12,A,count_star_vs_one,0.025
0,0,0,0,0,0,1,1,1,0,0,0,0,0,0,1,1,0,0,59,0,0,0,1,12,B,count_star_vs_one,0.028
1,0,0,0,0,0,1,1,0,0,0,0,0,0,0,0,3,1,0,143,1,0,0,2,13,A,join_vs_subquery,7.518
0,0,0,0,0,0,3,1,0,0,0,0,0,0,0,2,4,1,0,223,0,0,1,2,13,B,join_vs_subquery,14.673
1,0,0,0,0,0,1,1,0,0,0,0,0,0,0,0,3,1,0,139,1,0,0,2,14,A,join_vs_subquery,8.631
0,0,0,0,0,0,3,1,0,0,0,0,0,0,0,2,4,1,0,219,0,0,1,2,14,B,join_vs_subquery,15.275
0,0,0,0,0,0,1,1,1,0,0,0,0,0,0,1,1,0,0,59,0,0,0,1,15,A,count_star_vs_one,0.028
0,0,0,0,0,0,1,1,1,0,0,0,0,0,0,1,1,0,0,59,0,0,0,1,15,B,count_star_vs_one,0.029
0,0,1,0,0,0,2,1,0,0,0,0,0,0,0,1,2,1,0,132,0,0,1,1,16,A,in_vs_exists,9.803
0,1,0,0,0,0,2,1,0,0,0,0,0,0,0,1,3,2,0,144,1,0,0,2,16,B,in_vs_exists,2.715
0,0,0,0,1,1,1,1,0,0,0,0,0,0,0,0,1,0,0,113,1,0,1,0,17,A,orderby_variant,1.627
0,0,0,0,1,1,1,1,0,0,0,0,0,0,0,0,1,0,0,111,0,0,1,0,17,B,orderby_variant,0.139
1,0,0,0,0,0,1,1,0,0,0,0,0,0,0,0,3,1,0,143,1,0,0,2,18,A,join_vs_subquery,7.852
0,0,0,0,0,0,3,1,0,0,0,0,0,0,0,2,4,1,0,223,0,0,1,2,18,B,join_vs_subquery,15.156
1,0,0,0,0,0,1,1,0,0,0,0,0,0,0,0,3,1,0,139,1,0,0,2,19,A,join_vs_subquery,8.833
0,0,0,0,0,0,3,1,0,0,0,0,0,0,0,2,4,1,0,219,0,0,1,2,19,B,join_vs_subquery,15.504
0,0,1,0,0,0,2,1,0,0,0,0,0,0,0,1,2,1,0,132,0,0,1,1,20,A,in_vs_exists,9.748
0,1,0,0,0,0,2,1,0,0,0,0,0,0,0,1,3,2,0,144,1,0,0,2,20,B,in_vs_exists,2.865
0,0,1,0,0,0,2,1,0,0,0,0,0,0,0,1,2,1,0,132,0,0,1,1,21,A,in_vs_exists,9.712
0,1,0,0,0,0,2,1,0,0,0,0,0,0,0,1,3,2,0,144,1,0,0,2,21,B,in_vs_exists,2.705
0,0,1,0,0,0,2,1,0,0,0,0,0,0,0,1,2,1,0,132,0,0,1,1,22,A,in_vs_exists,9.37
0,1,0,0,0,0,2,1,0,0,0,0,0,0,0,1,3,2,0,144,1,0,0,2,22,B,in_vs_exists,2.615
1,0,0,0,0,0,1,1,0,0,0,0,0,0,0,0,3,1,0,136,1,0,0,2,23,A,join_vs_subquery,8.715
0,0,0,0,0,0,3,1,0,0,0,0,0,0,0,2,4,1,0,216,0,0,1,2,23,B,join_vs_subquery,15.279
0,0,0,0,0,0,1,1,1,0,0,0,0,0,0,1,1,0,0,59,0,0,0,1,24,A,count_star_vs_one,0.03
0,0,0,0,0,0,1,1,1,0,0,0,0,0,0,1,1,0,0,59,0,0,0,1,24,B,count_star_vs_one,0.03
0,0,0,0,0,0,1,1,1,0,0,0,0,0,0,1,1,0,0,59,0,0,0,1,25,A,count_star_vs_one,0.029
0,0,0,0,0,0,1,1,1,0,0,0,0,0,0,1,1,0,0,59,0,0,0,1,25,B,count_star_vs_one,0.027
0,0,0,0,0,0,1,1,1,0,0,0,0,0,0,1,1,0,0,59,0,0,0,1,26,A,count_star_vs_one,0.029
0,0,0,0,0,0,1,1,1,0,0,0,0,0,0,1,1,0,0,59,0,0,0,1,26,B,count_star_vs_one,0.029
0,0,0,0,1,1,1,1,0,0,0,0,0,0,0,0,1,0,0,112,1,0,1,0,27,A,orderby_variant,0.327
0,0,0,0,1,1,1,1,0,0,0,0,0,0,0,0,1,0,0,110,0,0,1,0,27,B,orderby_variant,0.06
1,0,0,0,0,0,1,1,0,0,0,0,0,0,0,0,3,1,0,136,1,0,0,2,28,A,join_vs_subquery,8.549
0,0,0,0,0,0,3,1,0,0,0,0,0,0,0,2,4,1,0,216,0,0,1,2,28,B,join_vs_subquery,15.247
1,0,0,0,0,0,1,1,0,0,0,0,0,0,0,0,3,1,0,143,1,0,0,2,29,A,join_vs_subquery,7.541
0,0,0,0,0,0,3,1,0,0,0,0,0,0,0,2,4,1,0,223,0,0,1,2,29,B,join_vs_subquery,14.78
0,0,0,0,1,1,1,1,0,0,0,0,0,0,0,0,1,0,0,113,1,0,1,0,30,A,orderby_variant,1.59
0,0,0,0,1,1,1,1,0,0,0,0,0,0,0,0,1,0,0,111,0,0,1,0,30,B,orderby_variant,0.139
0,0,0,0,0,0,1,1,1,0,0,0,0,0,0,1,1,0,0,59,0,0,0,1,31,A,count_star_vs_one,0.029
0,0,0,0,0,0,1,1,1,0,0,0,0,0,0,1,1,0,0,59,0,0,0,1,31,B,count_star_vs_one,0.027
0,0,0,0,0,0,1,1,1,0,0,0,0,0,0,1,1,0,0,59,0,0,0,1,32,A,count_star_vs_one,0.028
0,0,0,0,0,0,1,1,1,0,0,0,0,0,0,1,1,0,0,59,0,0,0,1,32,B,count_star_vs_one,0.03
0,0,1,0,0,0,2,1,0,0,0,0,0,0,0,1,2,1,0,132,0,0,1,1,33,A,in_vs_exists,9.76
0,1,0,0,0,0,2,1,0,0,0,0,0,0,0,1,3,2,0,144,1,0,0,2,33,B,in_vs_exists,2.875
0,0,0,0,0,0,1,1,1,0,0,0,0,0,0,1,1,0,0,59,0,0,0,1,34,A,count_star_vs_one,0.028
0,0,0,0,0,0,1,1,1,0,0,0,0,0,0,1,1,0,0,59,0,0,0,1,34,B,count_star_vs_one,0.031
0,0,0,0,1,1,1,1,0,0,0,0,0,0,0,0,1,0,0,112,1,0,1,0,35,A,orderby_variant,0.32
0,0,0,0,1,1,1,1,0,0,0,0,0,0,0,0,1,0,0,110,0,0,1,0,35,B,orderby_variant,0.06
0,0,0,0,0,0,1,1,1,0,0,0,0,0,0,1,1,0,0,59,0,0,0,1,36,A,count_star_vs_one,0.029
0,0,0,0,0,0,1,1,1,0,0,0,0,0,0,1,1,0,0,59,0,0,0,1,36,B,count_star_vs_one,0.028
0,0,1,0,0,0,2,1,0,0,0,0,0,0,0,1,2,1,0,132,0,0,1,1,37,A,in_vs_exists,9.617
0,1,0,0,0,0,2,1,0,0,0,0,0,0,0,1,3,2,0,144,1,0,0,2,37,B,in_vs_exists,2.881
0,0,0,0,1,1,1,1,0,0,0,0,0,0,0,0,1,0,0,114,1,0,1,0,38,A,orderby_variant,0.341
0,0,0,0,1,1,1,1,0,0,0,0,0,0,0,0,1,0,0,112,0,0,1,0,38,B,orderby_variant,0.057
0,0,0,0,1,1,1,1,0,0,0,0,0,0,0,0,1,0,0,113,1,0,1,0,39,A,orderby_variant,1.591
0,0,0,0,1,1,1,1,0,0,0,0,0,0,0,0,1,0,0,111,0,0,1,0,39,B,orderby_variant,0.139
0,0,0,0,0,0,1,1,1,0,0,0,0,0,0,1,1,0,0,59,0,0,0,1,40,A,count_star_vs_one,0.028
0,0,0,0,0,0,1,1,1,0,0,0,0,0,0,1,1,0,0,59,0,0,0,1,40,B,count_star_vs_one,0.03
0,0,0,0,0,0,1,1,1,0,0,0,0,0,0,1,1,0,0,59,0,0,0,1,41,A,count_star_vs_one,0.026
0,0,0,0,0,0,1,1,1,0,0,0,0,0,0,1,1,0,0,59,0,0,0,1,41,B,count_star_vs_one,0.031
0,0,1,0,0,0,2,1,0,0,0,0,0,0,0,1,2,1,0,132,0,0,1,1,42,A,in_vs_exists,9.686
0,1,0,0,0,0,2,1,0,0,0,0,0,0,0,1,3,2,0,144,1,0,0,2,42,B,in_vs_exists,2.806
0,0,0,0,0,0,1,1,1,0,0,0,0,0,0,1,1,0,0,59,0,0,0,1,43,A,count_star_vs_one,0.026
0,0,0,0,0,0,1,1,1,0,0,0,0,0,0,1,1,0,0,59,0,0,0,1,43,B,count_star_vs_one,0.03
0,0,1,0,0,0,2,1,0,0,0,0,0,0,0,1,2,1,0,132,0,0,1,1,44,A,in_vs_exists,9.746
0,1,0,0,0,0,2,1,0,0,0,0,0,0,0,1,3,2,0,144,1,0,0,2,44,B,in_vs_exists,2.815
0,0,0,0,0,0,1,1,1,0,0,0,0,0,0,1,1,0,0,59,0,0,0,1,45,A,count_star_vs_one,0.029
0,0,0,0,0,0,1,1,1,0,0,0,0,0,0,1,1,0,0,59,0,0,0,1,45,B,count_star_vs_one,0.028
0,0,0,0,0,0,1,1,1,0,0,0,0,0,0,1,1,0,0,59,0,0,0,1,46,A,count_star_vs_one,0.029
0,0,0,0,0,0,1,1,1,0,0,0,0,0,0,1,1,0,0,59,0,0,0,1,46,B,count_star_vs_one,0.029
0,0,1,0,0,0,2,1,0,0,0,0,0,0,0,1,2,1,0,132,0,0,1,1,47,A,in_vs_exists,9.666
0,1,0,0,0,0,2,1,0,0,0,0,0,0,0,1,3,2,0,144,1,0,0,2,47,B,in_vs_exists,2.781
0,0,0,0,1,1,1,1,0,0,0,0,0,0,0,0,1,0,0,112,1,0,1,0,48,A,orderby_variant,0.327
0,0,0,0,1,1,1,1,0,0,0,0,0,0,0,0,1,0,0,110,0,0,1,0,48,B,orderby_variant,0.055
0,0,1,0,0,0,2,1,0,0,0,0,0,0,0,1,2,1,0,132,0,0,1,1,49,A,in_vs_exists,9.64
0,1,0,0,0,0,2,1,0,0,0,0,0,0,0,1,3,2,0,144,1,0,0,2,49,B,in_vs_exists,2.731
0,0,1,0,0,0,2,1,0,0,0,0,0,0,0,1,2,1,0,132,0,0,1,1,50,A,in_vs_exists,9.933
0,1,0,0,0,0,2,1,0,0,0,0,0,0,0,1,3,2,0,144,1,0,0,2,50,B,in_vs_exists,2.871
0,0,0,0,1,1,1,1,0,0,0,0,0,0,0,0,1,0,0,112,1,0,1,0,51,A,orderby_variant,0.344
0,0,0,0,1,1,1,1,0,0,0,0,0,0,0,0,1,0,0,110,0,0,1,0,51,B,orderby_variant,0.06
1,0,0,0,0,0,1,1,0,0,0,0,0,0,0,0,3,1,0,136,1,0,0,2,52,A,join_vs_subquery,9.364
0,0,0,0,0,0,3,1,0,0,0,0,0,0,0,2,4,1,0,216,0,0,1,2,52,B,join_vs_subquery,15.988
0,0,0,0,0,0,1,1,1,0,0,0,0,0,0,1,1,0,0,59,0,0,0,1,53,A,count_star_vs_one,0.029
0,0,0,0,0,0,1,1,1,0,0,0,0,0,0,1,1,0,0,59,0,0,0,1,53,B,count_star_vs_one,0.032
0,0,1,0,0,0,2,1,0,0,0,0,0,0,0,1,2,1,0,132,0,0,1,1,54,A,in_vs_exists,9.967
0,1,0,0,0,0,2,1,0,0,0,0,0,0,0,1,3,2,0,144,1,0,0,2,54,B,in_vs_exists,3.015
0,0,0,0,0,0,1,1,1,0,0,0,0,0,0,1,1,0,0,59,0,0,0,1,55,A,count_star_vs_one,0.027
0,0,0,0,0,0,1,1,1,0,0,0,0,0,0,1,1,0,0,59,0,0,0,1,55,B,count_star_vs_one,0.032
0,0,0,0,1,1,1,1,0,0,0,0,0,0,0,0,1,0,0,112,1,0,1,0,56,A,orderby_variant,0.334
0,0,0,0,1,1,1,1,0,0,0,0,0,0,0,0,1,0,0,110,0,0,1,0,56,B,orderby_variant,0.062
0,0,0,0,0,0,1,1,1,0,0,0,0,0,0,1,1,0,0,59,0,0,0,1,57,A,count_star_vs_one,0.031
0,0,0,0,0,0,1,1,1,0,0,0,0,0,0,1,1,0,0,59,0,0,0,1,57,B,count_star_vs_one,0.032
0,0,0,0,1,1,1,1,0,0,0,0,0,0,0,0,1,0,0,114,1,0,1,0,58,A,orderby_variant,1.608
0,0,0,0,1,1,1,1,0,0,0,0,0,0,0,0,1,0,0,112,0,0,1,0,58,B,orderby_variant,0.154
0,0,0,0,1,1,1,1,0,0,0,0,0,0,0,0,1,0,0,114,1,0,1,0,59,A,orderby_variant,1.577
0,0,0,0,1,1,1,1,0,0,0,0,0,0,0,0,1,0,0,112,0,0,1,0,59,B,orderby_variant,0.147
1,0,0,0,0,0,1,1,0,0,0,0,0,0,0,0,3,1,0,137,1,0,0,2,60,A,join_vs_subquery,9.446
0,0,0,0,0,0,3,1,0,0,0,0,0,0,0,2,4,1,0,217,0,0,1,2,60,B,join_vs_subquery,16.187
0,0,1,0,0,0,2,1,0,0,0,0,0,0,0,1,2,1,0,132,0,0,1,1,61,A,in_vs_exists,10.022
0,1,0,0,0,0,2,1,0,0,0,0,0,0,0,1,3,2,0,144,1,0,0,2,61,B,in_vs_exists,2.929
1,0,0,0,0,0,1,1,0,0,0,0,0,0,0,0,3,1,0,137,1,0,0,2,62,A,join_vs_subquery,9.262
0,0,0,0,0,0,3,1,0,0,0,0,0,0,0,2,4,1,0,217,0,0,1,2,62,B,join_vs_subquery,15.746
1,0,0,0,0,0,1,1,0,0,0,0,0,0,0,0,3,1,0,143,1,0,0,2,63,A,join_vs_subquery,7.731
0,0,0,0,0,0,3,1,0,0,0,0,0,0,0,2,4,1,0,223,0,0,1,2,63,B,join_vs_subquery,15.274
0,0,0,0,0,0,1,1,1,0,0,0,0,0,0,1,1,0,0,59,0,0,0,1,64,A,count_star_vs_one,0.026
0,0,0,0,0,0,1,1,1,0,0,0,0,0,0,1,1,0,0,59,0,0,0,1,64,B,count_star_vs_one,0.031
1,0,0,0,0,0,1,1,0,0,0,0,0,0,0,0,3,1,0,139,1,0,0,2,65,A,join_vs_subquery,8.938
0,0,0,0,0,0,3,1,0,0,0,0,0,0,0,2,4,1,0,219,0,0,1,2,65,B,join_vs_subquery,15.841
0,0,0,0,1,1,1,1,0,0,0,0,0,0,0,0,1,0,0,111,1,0,1,0,66,A,orderby_variant,0.138
0,0,0,0,1,1,1,1,0,0,0,0,0,0,0,0,1,0,0,109,0,0,1,0,66,B,orderby_variant,0.05
1,0,0,0,0,0,1,1,0,0,0,0,0,0,0,0,3,1,0,136,1,0,0,2,67,A,join_vs_subquery,9.238
0,0,0,0,0,0,3,1,0,0,0,0,0,0,0,2,4,1,0,216,0,0,1,2,67,B,join_vs_subquery,15.4
0,0,0,0,1,1,1,1,0,0,0,0,0,0,0,0,1,0,0,113,1,0,1,0,68,A,orderby_variant,1.605
0,0,0,0,1,1,1,1,0,0,0,0,0,0,0,0,1,0,0,111,0,0,1,0,68,B,orderby_variant,0.135
0,0,0,0,1,1,1,1,0,0,0,0,0,0,0,0,1,0,0,112,1,0,1,0,69,A,orderby_variant,0.317
0,0,0,0,1,1,1,1,0,0,0,0,0,0,0,0,1,0,0,110,0,0,1,0,69,B,orderby_variant,0.062
0,0,1,0,0,0,2,1,0,0,0,0,0,0,0,1,2,1,0,132,0,0,1,1,70,A,in_vs_exists,9.895
0,1,0,0,0,0,2,1,0,0,0,0,0,0,0,1,3,2,0,144,1,0,0,2,70,B,in_vs_exists,2.781
0,0,0,0,0,0,1,1,1,0,0,0,0,0,0,1,1,0,0,59,0,0,0,1,71,A,count_star_vs_one,0.031
0,0,0,0,0,0,1,1,1,0,0,0,0,0,0,1,1,0,0,59,0,0,0,1,71,B,count_star_vs_one,0.031
0,0,0,0,0,0,1,1,1,0,0,0,0,0,0,1,1,0,0,59,0,0,0,1,72,A,count_star_vs_one,0.03
0,0,0,0,0,0,1,1,1,0,0,0,0,0,0,1,1,0,0,59,0,0,0,1,72,B,count_star_vs_one,0.028
0,0,1,0,0,0,2,1,0,0,0,0,0,0,0,1,2,1,0,132,0,0,1,1,73,A,in_vs_exists,9.88
0,1,0,0,0,0,2,1,0,0,0,0,0,0,0,1,3,2,0,144,1,0,0,2,73,B,in_vs_exists,2.773
0,0,0,0,0,0,1,1,1,0,0,0,0,0,0,1,1,0,0,59,0,0,0,1,74,A,count_star_vs_one,0.029
0,0,0,0,0,0,1,1,1,0,0,0,0,0,0,1,1,0,0,59,0,0,0,1,74,B,count_star_vs_one,0.029
1,0,0,0,0,0,1,1,0,0,0,0,0,0,0,0,3,1,0,143,1,0,0,2,75,A,join_vs_subquery,7.53
0,0,0,0,0,0,3,1,0,0,0,0,0,0,0,2,4,1,0,223,0,0,1,2,75,B,join_vs_subquery,14.875
1,0,0,0,0,0,1,1,0,0,0,0,0,0,0,0,3,1,0,136,1,0,0,2,76,A,join_vs_subquery,8.912
0,0,0,0,0,0,3,1,0,0,0,0,0,0,0,2,4,1,0,216,0,0,1,2,76,B,join_vs_subquery,15.346
1,0,0,0,0,0,1,1,0,0,0,0,0,0,0,0,3,1,0,143,1,0,0,2,77,A,join_vs_subquery,7.541
0,0,0,0,0,0,3,1,0,0,0,0,0,0,0,2,4,1,0,223,0,0,1,2,77,B,join_vs_subquery,14.909
0,0,0,0,1,1,1,1,0,0,0,0,0,0,0,0,1,0,0,113,1,0,1,0,78,A,orderby_variant,1.605
0,0,0,0,1,1,1,1,0,0,0,0,0,0,0,0,1,0,0,111,0,0,1,0,78,B,orderby_variant,0.139
0,0,1,0,0,0,2,1,0,0,0,0,0,0,0,1,2,1,0,132,0,0,1,1,79,A,in_vs_exists,9.578
0,1,0,0,0,0,2,1,0,0,0,0,0,0,0,1,3,2,0,144,1,0,0,2,79,B,in_vs_exists,2.889
0,0,1,0,0,0,2,1,0,0,0,0,0,0,0,1,2,1,0,132,0,0,1,1,80,A,in_vs_exists,9.713
0,1,0,0,0,0,2,1,0,0,0,0,0,0,0,1,3,2,0,144,1,0,0,2,80,B,in_vs_exists,2.69
1,0,0,0,0,0,1,1,0,0,0,0,0,0,0,0,3,1,0,139,1,0,0,2,81,A,join_vs_subquery,9.341
0,0,0,0,0,0,3,1,0,0,0,0,0,0,0,2,4,1,0,219,0,0,1,2,81,B,join_vs_subquery,15.645
0,0,1,0,0,0,2,1,0,0,0,0,0,0,0,1,2,1,0,132,0,0,1,1,82,A,in_vs_exists,9.695
0,1,0,0,0,0,2,1,0,0,0,0,0,0,0,1,3,2,0,144,1,0,0,2,82,B,in_vs_exists,2.74
0,0,1,0,0,0,2,1,0,0,0,0,0,0,0,1,2,1,0,132,0,0,1,1,83,A,in_vs_exists,9.614
0,1,0,0,0,0,2,1,0,0,0,0,0,0,0,1,3,2,0,144,1,0,0,2,83,B,in_vs_exists,2.997
1,0,0,0,0,0,1,1,0,0,0,0,0,0,0,0,3,1,0,139,1,0,0,2,84,A,join_vs_subquery,9.448
0,0,0,0,0,0,3,1,0,0,0,0,0,0,0,2,4,1,0,219,0,0,1,2,84,B,join_vs_subquery,16.148
0,0,0,0,0,0,1,1,1,0,0,0,0,0,0,1,1,0,0,59,0,0,0,1,85,A,count_star_vs_one,0.028
0,0,0,0,0,0,1,1,1,0,0,0,0,0,0,1,1,0,0,59,0,0,0,1,85,B,count_star_vs_one,0.03
0,0,0,0,1,1,1,1,0,0,0,0,0,0,0,0,1,0,0,114,1,0,1,0,86,A,orderby_variant,0.351
0,0,0,0,1,1,1,1,0,0,0,0,0,0,0,0,1,0,0,112,0,0,1,0,86,B,orderby_variant,0.056
0,0,0,0,1,1,1,1,0,0,0,0,0,0,0,0,1,0,0,114,1,0,1,0,87,A,orderby_variant,1.564
0,0,0,0,1,1,1,1,0,0,0,0,0,0,0,0,1,0,0,112,0,0,1,0,87,B,orderby_variant,0.145
0,0,1,0,0,0,2,1,0,0,0,0,0,0,0,1,2,1,0,132,0,0,1,1,88,A,in_vs_exists,9.893
0,1,0,0,0,0,2,1,0,0,0,0,0,0,0,1,3,2,0,144,1,0,0,2,88,B,in_vs_exists,2.982
0,0,0,0,0,0,1,1,1,0,0,0,0,0,0,1,1,0,0,59,0,0,0,1,89,A,count_star_vs_one,0.027
0,0,0,0,0,0,1,1,1,0,0,0,0,0,0,1,1,0,0,59,0,0,0,1,89,B,count_star_vs_one,0.029
0,0,0,0,0,0,1,1,1,0,0,0,0,0,0,1,1,0,0,59,0,0,0,1,90,A,count_star_vs_one,0.027
0,0,0,0,0,0,1,1,1,0,0,0,0,0,0,1,1,0,0,59,0,0,0,1,90,B,count_star_vs_one,0.029
0,0,0,0,1,1,1,1,0,0,0,0,0,0,0,0,1,0,0,111,1,0,1,0,91,A,orderby_variant,0.139
0,0,0,0,1,1,1,1,0,0,0,0,0,0,0,0,1,0,0,109,0,0,1,0,91,B,orderby_variant,0.052
1,0,0,0,0,0,1,1,0,0,0,0,0,0,0,0,3,1,0,143,1,0,0,2,92,A,join_vs_subquery,7.808
0,0,0,0,0,0,3,1,0,0,0,0,0,0,0,2,4,1,0,223,0,0,1,2,92,B,join_vs_subquery,15.295
0,0,0,0,1,1,1,1,0,0,0,0,0,0,0,0,1,0,0,114,1,0,1,0,93,A,orderby_variant,0.357
0,0,0,0,1,1,1,1,0,0,0,0,0,0,0,0,1,0,0,112,0,0,1,0,93,B,orderby_variant,0.057
0,0,0,0,0,0,1,1,1,0,0,0,0,0,0,1,1,0,0,59,0,0,0,1,94,A,count_star_vs_one,0.028
0,0,0,0,0,0,1,1,1,0,0,0,0,0,0,1,1,0,0,59,0,0,0,1,94,B,count_star_vs_one,0.03
0,0,1,0,0,0,2,1,0,0,0,0,0,0,0,1,2,1,0,132,0,0,1,1,95,A,in_vs_exists,10.001
0,1,0,0,0,0,2,1,0,0,0,0,0,0,0,1,3,2,0,144,1,0,0,2,95,B,in_vs_exists,2.824
0,0,0,0,1,1,1,1,0,0,0,0,0,0,0,0,1,0,0,112,1,0,1,0,96,A,orderby_variant,0.323
0,0,0,0,1,1,1,1,0,0,0,0,0,0,0,0,1,0,0,110,0,0,1,0,96,B,orderby_variant,0.055
0,0,1,0,0,0,2,1,0,0,0,0,0,0,0,1,2,1,0,132,0,0,1,1,97,A,in_vs_exists,9.814
0,1,0,0,0,0,2,1,0,0,0,0,0,0,0,1,3,2,0,144,1,0,0,2,97,B,in_vs_exists,2.882
0,0,0,0,1,1,1,1,0,0,0,0,0,0,0,0,1,0,0,111,1,0,1,0,98,A,orderby_variant,0.134
0,0,0,0,1,1,1,1,0,0,0,0,0,0,0,0,1,0,0,109,0,0,1,0,98,B,orderby_variant,0.052
0,0,0,0,1,1,1,1,0,0,0,0,0,0,0,0,1,0,0,113,1,0,1,0,99,A,orderby_variant,1.64
0,0,0,0,1,1,1,1,0,0,0,0,0,0,0,0,1,0,0,111,0,0,1,0,99,B,orderby_variant,0.143
0,0,0,0,1,1,1,1,0,0,0,0,0,0,0,0,1,0,0,112,1,0,1,0,100,A,orderby_variant,0.333
0,0,0,0,1,1,1,1,0,0,0,0,0,0,0,0,1,0,0,110,0,0,1,0,100,B,orderby_variant,0.058
0,0,0,0,1,1,1,1,0,0,0,0,0,0,0,0,1,0,0,112,1,0,1,0,101,A,orderby_variant,0.326
0,0,0,0,1,1,1,1,0,0,0,0,0,0,0,0,1,0,0,110,0,0,1,0,101,B,orderby_variant,0.06
0,0,0,0,1,1,1,1,0,0,0,0,0,0,0,0,1,0,0,112,1,0,1,0,102,A,orderby_variant,0.329
0,0,0,0,1,1,1,1,0,0,0,0,0,0,0,0,1,0,0,110,0,0,1,0,102,B,orderby_variant,0.06
1,0,0,0,0,0,1,1,0,0,0,0,0,0,0,0,3,1,0,137,1,0,0,2,103,A,join_vs_subquery,9.266
0,0,0,0,0,0,3,1,0,0,0,0,0,0,0,2,4,1,0,217,0,0,1,2,103,B,join_vs_subquery,15.753
0,0,0,0,0,0,1,1,1,0,0,0,0,0,0,1,1,0,0,59,0,0,0,1,104,A,count_star_vs_one,0.027
0,0,0,0,0,0,1,1,1,0,0,0,0,0,0,1,1,0,0,59,0,0,0,1,104,B,count_star_vs_one,0.029
1,0,0,0,0,0,1,1,0,0,0,0,0,0,0,0,3,1,0,139,1,0,0,2,105,A,join_vs_subquery,9.354
0,0,0,0,0,0,3,1,0,0,0,0,0,0,0,2,4,1,0,219,0,0,1,2,105,B,join_vs_subquery,16.042
0,0,0,0,0,0,1,1,1,0,0,0,0,0,0,1,1,0,0,59,0,0,0,1,106,A,count_star_vs_one,0.027
0,0,0,0,0,0,1,1,1,0,0,0,0,0,0,1,1,0,0,59,0,0,0,1,106,B,count_star_vs_one,0.027
0,0,1,0,0,0,2,1,0,0,0,0,0,0,0,1,2,1,0,132,0,0,1,1,107,A,in_vs_exists,9.903
0,1,0,0,0,0,2,1,0,0,0,0,0,0,0,1,3,2,0,144,1,0,0,2,107,B,in_vs_exists,2.747
0,0,0,0,1,1,1,1,0,0,0,0,0,0,0,0,1,0,0,114,1,0,1,0,108,A,orderby_variant,1.498
0,0,0,0,1,1,1,1,0,0,0,0,0,0,0,0,1,0,0,112,0,0,1,0,108,B,orderby_variant,0.132
0,0,0,0,1,1,1,1,0,0,0,0,0,0,0,0,1,0,0,112,1,0,1,0,109,A,orderby_variant,0.304
0,0,0,0,1,1,1,1,0,0,0,0,0,0,0,0,1,0,0,110,0,0,1,0,109,B,orderby_variant,0.055
0,0,0,0,1,1,1,1,0,0,0,0,0,0,0,0,1,0,0,114,1,0,1,0,110,A,orderby_variant,1.459
0,0,0,0,1,1,1,1,0,0,0,0,0,0,0,0,1,0,0,112,0,0,1,0,110,B,orderby_variant,0.145
0,0,0,0,1,1,1,1,0,0,0,0,0,0,0,0,1,0,0,114,1,0,1,0,111,A,orderby_variant,0.329
0,0,0,0,1,1,1,1,0,0,0,0,0,0,0,0,1,0,0,112,0,0,1,0,111,B,orderby_variant,0.052
0,0,1,0,0,0,2,1,0,0,0,0,0,0,0,1,2,1,0,132,0,0,1,1,112,A,in_vs_exists,9.895
0,1,0,0,0,0,2,1,0,0,0,0,0,0,0,1,3,2,0,144,1,0,0,2,112,B,in_vs_exists,2.764
0,0,1,0,0,0,2,1,0,0,0,0,0,0,0,1,2,1,0,132,0,0,1,1,113,A,in_vs_exists,9.72
0,1,0,0,0,0,2,1,0,0,0,0,0,0,0,1,3,2,0,144,1,0,0,2,113,B,in_vs_exists,2.762
0,0,0,0,0,0,1,1,1,0,0,0,0,0,0,1,1,0,0,59,0,0,0,1,114,A,count_star_vs_one,0.029
0,0,0,0,0,0,1,1,1,0,0,0,0,0,0,1,1,0,0,59,0,0,0,1,114,B,count_star_vs_one,0.029
0,0,0,0,1,1,1,1,0,0,0,0,0,0,0,0,1,0,0,112,1,0,1,0,115,A,orderby_variant,0.322
0,0,0,0,1,1,1,1,0,0,0,0,0,0,0,0,1,0,0,110,0,0,1,0,115,B,orderby_variant,0.06
0,0,0,0,0,0,1,1,1,0,0,0,0,0,0,1,1,0,0,59,0,0,0,1,116,A,count_star_vs_one,0.028
0,0,0,0,0,0,1,1,1,0,0,0,0,0,0,1,1,0,0,59,0,0,0,1,116,B,count_star_vs_one,0.03
0,0,1,0,0,0,2,1,0,0,0,0,0,0,0,1,2,1,0,132,0,0,1,1,117,A,in_vs_exists,9.828
0,1,0,0,0,0,2,1,0,0,0,0,0,0,0,1,3,2,0,144,1,0,0,2,117,B,in_vs_exists,2.766
0,0,0,0,1,1,1,1,0,0,0,0,0,0,0,0,1,0,0,111,1,0,1,0,118,A,orderby_variant,0.136
0,0,0,0,1,1,1,1,0,0,0,0,0,0,0,0,1,0,0,109,0,0,1,0,118,B,orderby_variant,0.053
0,0,1,0,0,0,2,1,0,0,0,0,0,0,0,1,2,1,0,132,0,0,1,1,119,A,in_vs_exists,9.862
0,1,0,0,0,0,2,1,0,0,0,0,0,0,0,1,3,2,0,144,1,0,0,2,119,B,in_vs_exists,2.859
1,0,0,0,0,0,1,1,0,0,0,0,0,0,0,0,3,1,0,136,1,0,0,2,120,A,join_vs_subquery,8.967
0,0,0,0,0,0,3,1,0,0,0,0,0,0,0,2,4,1,0,216,0,0,1,2,120,B,join_vs_subquery,15.469
1,0,0,0,0,0,1,1,0,0,0,0,0,0,0,0,3,1,0,136,1,0,0,2,121,A,join_vs_subquery,8.941
0,0,0,0,0,0,3,1,0,0,0,0,0,0,0,2,4,1,0,216,0,0,1,2,121,B,join_vs_subquery,15.423
0,0,0,0,1,1,1,1,0,0,0,0,0,0,0,0,1,0,0,111,1,0,1,0,122,A,orderby_variant,0.133
0,0,0,0,1,1,1,1,0,0,0,0,0,0,0,0,1,0,0,109,0,0,1,0,122,B,orderby_variant,0.053
0,0,0,0,0,0,1,1,1,0,0,0,0,0,0,1,1,0,0,59,0,0,0,1,123,A,count_star_vs_one,0.028
0,0,0,0,0,0,1,1,1,0,0,0,0,0,0,1,1,0,0,59,0,0,0,1,123,B,count_star_vs_one,0.03
0,0,0,0,0,0,1,1,1,0,0,0,0,0,0,1,1,0,0,59,0,0,0,1,124,A,count_star_vs_one,0.028
0,0,0,0,0,0,1,1,1,0,0,0,0,0,0,1,1,0,0,59,0,0,0,1,124,B,count_star_vs_one,0.03
1,0,0,0,0,0,1,1,0,0,0,0,0,0,0,0,3,1,0,137,1,0,0,2,125,A,join_vs_subquery,9.123
0,0,0,0,0,0,3,1,0,0,0,0,0,0,0,2,4,1,0,217,0,0,1,2,125,B,join_vs_subquery,15.539
1,0,0,0,0,0,1,1,0,0,0,0,0,0,0,0,3,1,0,143,1,0,0,2,126,A,join_vs_subquery,7.642
0,0,0,0,0,0,3,1,0,0,0,0,0,0,0,2,4,1,0,223,0,0,1,2,126,B,join_vs_subquery,15.052
1,0,0,0,0,0,1,1,0,0,0,0,0,0,0,0,3,1,0,139,1,0,0,2,127,A,join_vs_subquery,9.245
0,0,0,0,0,0,3,1,0,0,0,0,0,0,0,2,4,1,0,219,0,0,1,2,127,B,join_vs_subquery,15.792
0,0,0,0,0,0,1,1,1,0,0,0,0,0,0,1,1,0,0,59,0,0,0,1,128,A,count_star_vs_one,0.028
0,0,0,0,0,0,1,1,1,0,0,0,0,0,0,1,1,0,0,59,0,0,0,1,128,B,count_star_vs_one,0.031
0,0,0,0,0,0,1,1,1,0,0,0,0,0,0,1,1,0,0,59,0,0,0,1,129,A,count_star_vs_one,0.027
0,0,0,0,0,0,1,1,1,0,0,0,0,0,0,1,1,0,0,59,0,0,0,1,129,B,count_star_vs_one,0.029
1,0,0,0,0,0,1,1,0,0,0,0,0,0,0,0,3,1,0,139,1,0,0,2,130,A,join_vs_subquery,9.172
0,0,0,0,0,0,3,1,0,0,0,0,0,0,0,2,4,1,0,219,0,0,1,2,130,B,join_vs_subquery,16.184
1,0,0,0,0,0,1,1,0,0,0,0,0,0,0,0,3,1,0,143,1,0,0,2,131,A,join_vs_subquery,7.828
0,0,0,0,0,0,3,1,0,0,0,0,0,0,0,2,4,1,0,223,0,0,1,2,131,B,join_vs_subquery,15.414
0,0,1,0,0,0,2,1,0,0,0,0,0,0,0,1,2,1,0,132,0,0,1,1,132,A,in_vs_exists,9.885
0,1,0,0,0,0,2,1,0,0,0,0,0,0,0,1,3,2,0,144,1,0,0,2,132,B,in_vs_exists,3.008
1,0,0,0,0,0,1,1,0,0,0,0,0,0,0,0,3,1,0,136,1,0,0,2,133,A,join_vs_subquery,9.326
0,0,0,0,0,0,3,1,0,0,0,0,0,0,0,2,4,1,0,216,0,0,1,2,133,B,join_vs_subquery,15.975
1,0,0,0,0,0,1,1,0,0,0,0,0,0,0,0,3,1,0,137,1,0,0,2,134,A,join_vs_subquery,9.217
0,0,0,0,0,0,3,1,0,0,0,0,0,0,0,2,4,1,0,217,0,0,1,2,134,B,join_vs_subquery,15.792
0,0,1,0,0,0,2,1,0,0,0,0,0,0,0,1,2,1,0,132,0,0,1,1,135,A,in_vs_exists,9.875
0,1,0,0,0,0,2,1,0,0,0,0,0,0,0,1,3,2,0,144,1,0,0,2,135,B,in_vs_exists,2.888
1,0,0,0,0,0,1,1,0,0,0,0,0,0,0,0,3,1,0,139,1,0,0,2,136,A,join_vs_subquery,8.91
0,0,0,0,0,0,3,1,0,0,0,0,0,0,0,2,4,1,0,219,0,0,1,2,136,B,join_vs_subquery,15.793
1,0,0,0,0,0,1,1,0,0,0,0,0,0,0,0,3,1,0,139,1,0,0,2,137,A,join_vs_subquery,9.287
0,0,0,0,0,0,3,1,0,0,0,0,0,0,0,2,4,1,0,219,0,0,1,2,137,B,join_vs_subquery,15.654
0,0,0,0,1,1,1,1,0,0,0,0,0,0,0,0,1,0,0,114,1,0,1,0,138,A,orderby_variant,0.341
0,0,0,0,1,1,1,1,0,0,0,0,0,0,0,0,1,0,0,112,0,0,1,0,138,B,orderby_variant,0.057
0,0,0,0,0,0,1,1,1,0,0,0,0,0,0,1,1,0,0,59,0,0,0,1,139,A,count_star_vs_one,0.029
0,0,0,0,0,0,1,1,1,0,0,0,0,0,0,1,1,0,0,59,0,0,0,1,139,B,count_star_vs_one,0.032
0,0,1,0,0,0,2,1,0,0,0,0,0,0,0,1,2,1,0,132,0,0,1,1,140,A,in_vs_exists,9.749
0,1,0,0,0,0,2,1,0,0,0,0,0,0,0,1,3,2,0,144,1,0,0,2,140,B,in_vs_exists,2.764
0,0,0,0,0,0,1,1,1,0,0,0,0,0,0,1,1,0,0,59,0,0,0,1,141,A,count_star_vs_one,0.027
0,0,0,0,0,0,1,1,1,0,0,0,0,0,0,1,1,0,0,59,0,0,0,1,141,B,count_star_vs_one,0.029
0,0,0,0,0,0,1,1,1,0,0,0,0,0,0,1,1,0,0,59,0,0,0,1,142,A,count_star_vs_one,0.028
0,0,0,0,0,0,1,1,1,0,0,0,0,0,0,1,1,0,0,59,0,0,0,1,142,B,count_star_vs_one,0.028
1,0,0,0,0,0,1,1,0,0,0,0,0,0,0,0,3,1,0,139,1,0,0,2,143,A,join_vs_subquery,9.196
0,0,0,0,0,0,3,1,0,0,0,0,0,0,0,2,4,1,0,219,0,0,1,2,143,B,join_vs_subquery,15.748
1,0,0,0,0,0,1,1,0,0,0,0,0,0,0,0,3,1,0,139,1,0,0,2,144,A,join_vs_subquery,9.187
0,0,0,0,0,0,3,1,0,0,0,0,0,0,0,2,4,1,0,219,0,0,1,2,144,B,join_vs_subquery,15.78
0,0,1,0,0,0,2,1,0,0,0,0,0,0,0,1,2,1,0,132,0,0,1,1,145,A,in_vs_exists,9.948
0,1,0,0,0,0,2,1,0,0,0,0,0,0,0,1,3,2,0,144,1,0,0,2,145,B,in_vs_exists,2.771
1,0,0,0,0,0,1,1,0,0,0,0,0,0,0,0,3,1,0,139,1,0,0,2,146,A,join_vs_subquery,9.248
0,0,0,0,0,0,3,1,0,0,0,0,0,0,0,2,4,1,0,219,0,0,1,2,146,B,join_vs_subquery,16.143
0,0,1,0,0,0,2,1,0,0,0,0,0,0,0,1,2,1,0,132,0,0,1,1,147,A,in_vs_exists,9.866
0,1,0,0,0,0,2,1,0,0,0,0,0,0,0,1,3,2,0,144,1,0,0,2,147,B,in_vs_exists,2.965
1,0,0,0,0,0,1,1,0,0,0,0,0,0,0,0,3,1,0,137,1,0,0,2,148,A,join_vs_subquery,9.265
0,0,0,0,0,0,3,1,0,0,0,0,0,0,0,2,4,1,0,217,0,0,1,2,148,B,join_vs_subquery,15.371
0,0,0,0,0,0,1,1,1,0,0,0,0,0,0,1,1,0,0,59,0,0,0,1,149,A,count_star_vs_one,0.025
0,0,0,0,0,0,1,1,1,0,0,0,0,0,0,1,1,0,0,59,0,0,0,1,149,B,count_star_vs_one,0.029
0,0,1,0,0,0,2,1,0,0,0,0,0,0,0,1,2,1,0,132,0,0,1,1,150,A,in_vs_exists,9.781
0,1,0,0,0,0,2,1,0,0,0,0,0,0,0,1,3,2,0,144,1,0,0,2,150,B,in_vs_exists,2.842
0,0,1,0,0,0,2,1,0,0,0,0,0,0,0,1,2,1,0,132,0,0,1,1,151,A,in_vs_exists,9.786
0,1,0,0,0,0,2,1,0,0,0,0,0,0,0,1,3,2,0,144,1,0,0,2,151,B,in_vs_exists,2.772
0,0,0,0,0,0,1,1,1,0,0,0,0,0,0,1,1,0,0,59,0,0,0,1,152,A,count_star_vs_one,0.029
0,0,0,0,0,0,1,1,1,0,0,0,0,0,0,1,1,0,0,59,0,0,0,1,152,B,count_star_vs_one,0.03
0,0,1,0,0,0,2,1,0,0,0,0,0,0,0,1,2,1,0,132,0,0,1,1,153,A,in_vs_exists,9.906
0,1,0,0,0,0,2,1,0,0,0,0,0,0,0,1,3,2,0,144,1,0,0,2,153,B,in_vs_exists,2.787
1,0,0,0,0,0,1,1,0,0,0,0,0,0,0,0,3,1,0,139,1,0,0,2,154,A,join_vs_subquery,8.739
0,0,0,0,0,0,3,1,0,0,0,0,0,0,0,2,4,1,0,219,0,0,1,2,154,B,join_vs_subquery,15.374
0,0,1,0,0,0,2,1,0,0,0,0,0,0,0,1,2,1,0,132,0,0,1,1,155,A,in_vs_exists,9.718
0,1,0,0,0,0,2,1,0,0,0,0,0,0,0,1,3,2,0,144,1,0,0,2,155,B,in_vs_exists,2.868
0,0,0,0,0,0,1,1,1,0,0,0,0,0,0,1,1,0,0,59,0,0,0,1,156,A,count_star_vs_one,0.025
0,0,0,0,0,0,1,1,1,0,0,0,0,0,0,1,1,0,0,59,0,0,0,1,156,B,count_star_vs_one,0.03
0,0,1,0,0,0,2,1,0,0,0,0,0,0,0,1,2,1,0,132,0,0,1,1,157,A,in_vs_exists,9.82
0,1,0,0,0,0,2,1,0,0,0,0,0,0,0,1,3,2,0,144,1,0,0,2,157,B,in_vs_exists,2.988
0,0,0,0,0,0,1,1,1,0,0,0,0,0,0,1,1,0,0,59,0,0,0,1,158,A,count_star_vs_one,0.025
0,0,0,0,0,0,1,1,1,0,0,0,0,0,0,1,1,0,0,59,0,0,0,1,158,B,count_star_vs_one,0.029
1,0,0,0,0,0,1,1,0,0,0,0,0,0,0,0,3,1,0,136,1,0,0,2,159,A,join_vs_subquery,8.895
0,0,0,0,0,0,3,1,0,0,0,0,0,0,0,2,4,1,0,216,0,0,1,2,159,B,join_vs_subquery,15.773
0,0,0,0,1,1,1,1,0,0,0,0,0,0,0,0,1,0,0,114,1,0,1,0,160,A,orderby_variant,1.585
0,0,0,0,1,1,1,1,0,0,0,0,0,0,0,0,1,0,0,112,0,0,1,0,160,B,orderby_variant,0.148
0,0,0,0,0,0,1,1,1,0,0,0,0,0,0,1,1,0,0,59,0,0,0,1,161,A,count_star_vs_one,0.028
0,0,0,0,0,0,1,1,1,0,0,0,0,0,0,1,1,0,0,59,0,0,0,1,161,B,count_star_vs_one,0.03
1,0,0,0,0,0,1,1,0,0,0,0,0,0,0,0,3,1,0,136,1,0,0,2,162,A,join_vs_subquery,8.925
0,0,0,0,0,0,3,1,0,0,0,0,0,0,0,2,4,1,0,216,0,0,1,2,162,B,join_vs_subquery,15.828
0,0,0,0,1,1,1,1,0,0,0,0,0,0,0,0,1,0,0,113,1,0,1,0,163,A,orderby_variant,1.677
0,0,0,0,1,1,1,1,0,0,0,0,0,0,0,0,1,0,0,111,0,0,1,0,163,B,orderby_variant,0.141
1,0,0,0,0,0,1,1,0,0,0,0,0,0,0,0,3,1,0,136,1,0,0,2,164,A,join_vs_subquery,9.326
0,0,0,0,0,0,3,1,0,0,0,0,0,0,0,2,4,1,0,216,0,0,1,2,164,B,join_vs_subquery,16.019
1,0,0,0,0,0,1,1,0,0,0,0,0,0,0,0,3,1,0,136,1,0,0,2,165,A,join_vs_subquery,9.354
0,0,0,0,0,0,3,1,0,0,0,0,0,0,0,2,4,1,0,216,0,0,1,2,165,B,join_vs_subquery,15.431
0,0,1,0,0,0,2,1,0,0,0,0,0,0,0,1,2,1,0,132,0,0,1,1,166,A,in_vs_exists,9.743
0,1,0,0,0,0,2,1,0,0,0,0,0,0,0,1,3,2,0,144,1,0,0,2,166,B,in_vs_exists,2.878
0,0,0,0,0,0,1,1,1,0,0,0,0,0,0,1,1,0,0,59,0,0,0,1,167,A,count_star_vs_one,0.028
0,0,0,0,0,0,1,1,1,0,0,0,0,0,0,1,1,0,0,59,0,0,0,1,167,B,count_star_vs_one,0.029
0,0,1,0,0,0,2,1,0,0,0,0,0,0,0,1,2,1,0,132,0,0,1,1,168,A,in_vs_exists,9.795
0,1,0,0,0,0,2,1,0,0,0,0,0,0,0,1,3,2,0,144,1,0,0,2,168,B,in_vs_exists,2.789
0,0,0,0,0,0,1,1,1,0,0,0,0,0,0,1,1,0,0,59,0,0,0,1,169,A,count_star_vs_one,0.028
0,0,0,0,0,0,1,1,1,0,0,0,0,0,0,1,1,0,0,59,0,0,0,1,169,B,count_star_vs_one,0.027
1,0,0,0,0,0,1,1,0,0,0,0,0,0,0,0,3,1,0,136,1,0,0,2,170,A,join_vs_subquery,8.644
0,0,0,0,0,0,3,1,0,0,0,0,0,0,0,2,4,1,0,216,0,0,1,2,170,B,join_vs_subquery,15.367
0,0,0,0,1,1,1,1,0,0,0,0,0,0,0,0,1,0,0,111,1,0,1,0,171,A,orderby_variant,0.137
0,0,0,0,1,1,1,1,0,0,0,0,0,0,0,0,1,0,0,109,0,0,1,0,171,B,orderby_variant,0.051
1,0,0,0,0,0,1,1,0,0,0,0,0,0,0,0,3,1,0,136,1,0,0,2,172,A,join_vs_subquery,8.634
0,0,0,0,0,0,3,1,0,0,0,0,0,0,0,2,4,1,0,216,0,0,1,2,172,B,join_vs_subquery,15.605
0,0,0,0,1,1,1,1,0,0,0,0,0,0,0,0,1,0,0,112,1,0,1,0,173,A,orderby_variant,0.334
0,0,0,0,1,1,1,1,0,0,0,0,0,0,0,0,1,0,0,110,0,0,1,0,173,B,orderby_variant,0.06
0,0,0,0,1,1,1,1,0,0,0,0,0,0,0,0,1,0,0,112,1,0,1,0,174,A,orderby_variant,0.329
0,0,0,0,1,1,1,1,0,0,0,0,0,0,0,0,1,0,0,110,0,0,1,0,174,B,orderby_variant,0.061
0,0,0,0,0,0,1,1,1,0,0,0,0,0,0,1,1,0,0,59,0,0,0,1,175,A,count_star_vs_one,0.027
0,0,0,0,0,0,1,1,1,0,0,0,0,0,0,1,1,0,0,59,0,0,0,1,175,B,count_star_vs_one,0.029
0,0,1,0,0,0,2,1,0,0,0,0,0,0,0,1,2,1,0,132,0,0,1,1,176,A,in_vs_exists,9.837
0,1,0,0,0,0,2,1,0,0,0,0,0,0,0,1,3,2,0,144,1,0,0,2,176,B,in_vs_exists,2.941
0,0,0,0,0,0,1,1,1,0,0,0,0,0,0,1,1,0,0,59,0,0,0,1,177,A,count_star_vs_one,0.03
0,0,0,0,0,0,1,1,1,0,0,0,0,0,0,1,1,0,0,59,0,0,0,1,177,B,count_star_vs_one,0.03
1,0,0,0,0,0,1,1,0,0,0,0,0,0,0,0,3,1,0,137,1,0,0,2,178,A,join_vs_subquery,9.3
0,0,0,0,0,0,3,1,0,0,0,0,0,0,0,2,4,1,0,217,0,0,1,2,178,B,join_vs_subquery,15.892
0,0,0,0,0,0,1,1,1,0,0,0,0,0,0,1,1,0,0,59,0,0,0,1,179,A,count_star_vs_one,0.03
0,0,0,0,0,0,1,1,1,0,0,0,0,0,0,1,1,0,0,59,0,0,0,1,179,B,count_star_vs_one,0.03
0,0,0,0,0,0,1,1,1,0,0,0,0,0,0,1,1,0,0,59,0,0,0,1,180,A,count_star_vs_one,0.029
0,0,0,0,0,0,1,1,1,0,0,0,0,0,0,1,1,0,0,59,0,0,0,1,180,B,count_star_vs_one,0.027
0,0,0,0,0,0,1,1,1,0,0,0,0,0,0,1,1,0,0,59,0,0,0,1,181,A,count_star_vs_one,0.029
0,0,0,0,0,0,1,1,1,0,0,0,0,0,0,1,1,0,0,59,0,0,0,1,181,B,count_star_vs_one,0.029
0,0,0,0,1,1,1,1,0,0,0,0,0,0,0,0,1,0,0,114,1,0,1,0,182,A,orderby_variant,0.353
0,0,0,0,1,1,1,1,0,0,0,0,0,0,0,0,1,0,0,112,0,0,1,0,182,B,orderby_variant,0.057
0,0,1,0,0,0,2,1,0,0,0,0,0,0,0,1,2,1,0,132,0,0,1,1,183,A,in_vs_exists,9.858
0,1,0,0,0,0,2,1,0,0,0,0,0,0,0,1,3,2,0,144,1,0,0,2,183,B,in_vs_exists,2.861
0,0,1,0,0,0,2,1,0,0,0,0,0,0,0,1,2,1,0,132,0,0,1,1,184,A,in_vs_exists,9.867
0,1,0,0,0,0,2,1,0,0,0,0,0,0,0,1,3,2,0,144,1,0,0,2,184,B,in_vs_exists,2.867
0,0,0,0,0,0,1,1,1,0,0,0,0,0,0,1,1,0,0,59,0,0,0,1,185,A,count_star_vs_one,0.028
0,0,0,0,0,0,1,1,1,0,0,0,0,0,0,1,1,0,0,59,0,0,0,1,185,B,count_star_vs_one,0.029
0,0,1,0,0,0,2,1,0,0,0,0,0,0,0,1,2,1,0,132,0,0,1,1,186,A,in_vs_exists,9.559
0,1,0,0,0,0,2,1,0,0,0,0,0,0,0,1,3,2,0,144,1,0,0,2,186,B,in_vs_exists,2.852
0,0,0,0,1,1,1,1,0,0,0,0,0,0,0,0,1,0,0,113,1,0,1,0,187,A,orderby_variant,1.613
0,0,0,0,1,1,1,1,0,0,0,0,0,0,0,0,1,0,0,111,0,0,1,0,187,B,orderby_variant,0.141
0,0,0,0,1,1,1,1,0,0,0,0,0,0,0,0,1,0,0,113,1,0,1,0,188,A,orderby_variant,1.598
0,0,0,0,1,1,1,1,0,0,0,0,0,0,0,0,1,0,0,111,0,0,1,0,188,B,orderby_variant,0.139
0,0,1,0,0,0,2,1,0,0,0,0,0,0,0,1,2,1,0,132,0,0,1,1,189,A,in_vs_exists,9.663
0,1,0,0,0,0,2,1,0,0,0,0,0,0,0,1,3,2,0,144,1,0,0,2,189,B,in_vs_exists,2.892
1,0,0,0,0,0,1,1,0,0,0,0,0,0,0,0,3,1,0,143,1,0,0,2,190,A,join_vs_subquery,7.571
0,0,0,0,0,0,3,1,0,0,0,0,0,0,0,2,4,1,0,223,0,0,1,2,190,B,join_vs_subquery,14.876
0,0,1,0,0,0,2,1,0,0,0,0,0,0,0,1,2,1,0,132,0,0,1,1,191,A,in_vs_exists,9.852
0,1,0,0,0,0,2,1,0,0,0,0,0,0,0,1,3,2,0,144,1,0,0,2,191,B,in_vs_exists,2.813
0,0,0,0,1,1,1,1,0,0,0,0,0,0,0,0,1,0,0,111,1,0,1,0,192,A,orderby_variant,0.14
0,0,0,0,1,1,1,1,0,0,0,0,0,0,0,0,1,0,0,109,0,0,1,0,192,B,orderby_variant,0.053
1,0,0,0,0,0,1,1,0,0,0,0,0,0,0,0,3,1,0,139,1,0,0,2,193,A,join_vs_subquery,8.753
0,0,0,0,0,0,3,1,0,0,0,0,0,0,0,2,4,1,0,219,0,0,1,2,193,B,join_vs_subquery,15.391
1,0,0,0,0,0,1,1,0,0,0,0,0,0,0,0,3,1,0,136,1,0,0,2,194,A,join_vs_subquery,9.0
0,0,0,0,0,0,3,1,0,0,0,0,0,0,0,2,4,1,0,216,0,0,1,2,194,B,join_vs_subquery,15.44
0,0,0,0,1,1,1,1,0,0,0,0,0,0,0,0,1,0,0,114,1,0,1,0,195,A,orderby_variant,1.522
0,0,0,0,1,1,1,1,0,0,0,0,0,0,0,0,1,0,0,112,0,0,1,0,195,B,orderby_variant,0.149
1,0,0,0,0,0,1,1,0,0,0,0,0,0,0,0,3,1,0,139,1,0,0,2,196,A,join_vs_subquery,9.091
0,0,0,0,0,0,3,1,0,0,0,0,0,0,0,2,4,1,0,219,0,0,1,2,196,B,join_vs_subquery,15.84
0,0,0,0,0,0,1,1,1,0,0,0,0,0,0,1,1,0,0,59,0,0,0,1,197,A,count_star_vs_one,0.028
0,0,0,0,0,0,1,1,1,0,0,0,0,0,0,1,1,0,0,59,0,0,0,1,197,B,count_star_vs_one,0.029
0,0,1,0,0,0,2,1,0,0,0,0,0,0,0,1,2,1,0,132,0,0,1,1,198,A,in_vs_exists,9.908
0,1,0,0,0,0,2,1,0,0,0,0,0,0,0,1,3,2,0,144,1,0,0,2,198,B,in_vs_exists,2.836
0,0,1,0,0,0,2,1,0,0,0,0,0,0,0,1,2,1,0,132,0,0,1,1,199,A,in_vs_exists,9.81
0,1,0,0,0,0,2,1,0,0,0,0,0,0,0,1,3,2,0,144,1,0,0,2,199,B,in_vs_exists,2.898
0,0,0,0,0,0,1,1,1,0,0,0,0,0,0,1,1,0,0,59,0,0,0,1,200,A,count_star_vs_one,0.028
0,0,0,0,0,0,1,1,1,0,0,0,0,0,0,1,1,0,0,59,0,0,0,1,200,B,count_star_vs_one,0.032
0,0,0,0,1,1,1,1,0,0,0,0,0,0,0,0,1,0,0,111,1,0,1,0,201,A,orderby_variant,0.13
0,0,0,0,1,1,1,1,0,0,0,0,0,0,0,0,1,0,0,109,0,0,1,0,201,B,orderby_variant,0.052
0,0,1,0,0,0,2,1,0,0,0,0,0,0,0,1,2,1,0,132,0,0,1,1,202,A,in_vs_exists,9.788
0,1,0,0,0,0,2,1,0,0,0,0,0,0,0,1,3,2,0,144,1,0,0,2,202,B,in_vs_exists,2.838
0,0,1,0,0,0,2,1,0,0,0,0,0,0,0,1,2,1,0,132,0,0,1,1,203,A,in_vs_exists,9.789
0,1,0,0,0,0,2,1,0,0,0,0,0,0,0,1,3,2,0,144,1,0,0,2,203,B,in_vs_exists,2.785
1,0,0,0,0,0,1,1,0,0,0,0,0,0,0,0,3,1,0,143,1,0,0,2,204,A,join_vs_subquery,7.874
0,0,0,0,0,0,3,1,0,0,0,0,0,0,0,2,4,1,0,223,0,0,1,2,204,B,join_vs_subquery,15.514
0,0,0,0,1,1,1,1,0,0,0,0,0,0,0,0,1,0,0,111,1,0,1,0,205,A,orderby_variant,0.142
0,0,0,0,1,1,1,1,0,0,0,0,0,0,0,0,1,0,0,109,0,0,1,0,205,B,orderby_variant,0.053
0,0,0,0,0,0,1,1,1,0,0,0,0,0,0,1,1,0,0,59,0,0,0,1,206,A,count_star_vs_one,0.027
0,0,0,0,0,0,1,1,1,0,0,0,0,0,0,1,1,0,0,59,0,0,0,1,206,B,count_star_vs_one,0.028
0,0,0,0,1,1,1,1,0,0,0,0,0,0,0,0,1,0,0,113,1,0,1,0,207,A,orderby_variant,1.679
0,0,0,0,1,1,1,1,0,0,0,0,0,0,0,0,1,0,0,111,0,0,1,0,207,B,orderby_variant,0.14
0,0,0,0,0,0,1,1,1,0,0,0,0,0,0,1,1,0,0,59,0,0,0,1,208,A,count_star_vs_one,0.028
0,0,0,0,0,0,1,1,1,0,0,0,0,0,0,1,1,0,0,59,0,0,0,1,208,B,count_star_vs_one,0.03
1,0,0,0,0,0,1,1,0,0,0,0,0,0,0,0,3,1,0,143,1,0,0,2,209,A,join_vs_subquery,7.889
0,0,0,0,0,0,3,1,0,0,0,0,0,0,0,2,4,1,0,223,0,0,1,2,209,B,join_vs_subquery,15.513
1,0,0,0,0,0,1,1,0,0,0,0,0,0,0,0,3,1,0,143,1,0,0,2,210,A,join_vs_subquery,7.853
0,0,0,0,0,0,3,1,0,0,0,0,0,0,0,2,4,1,0,223,0,0,1,2,210,B,join_vs_subquery,15.489
1,0,0,0,0,0,1,1,0,0,0,0,0,0,0,0,3,1,0,139,1,0,0,2,211,A,join_vs_subquery,8.968
0,0,0,0,0,0,3,1,0,0,0,0,0,0,0,2,4,1,0,219,0,0,1,2,211,B,join_vs_subquery,15.877
0,0,1,0,0,0,2,1,0,0,0,0,0,0,0,1,2,1,0,132,0,0,1,1,212,A,in_vs_exists,9.949
0,1,0,0,0,0,2,1,0,0,0,0,0,0,0,1,3,2,0,144,1,0,0,2,212,B,in_vs_exists,3.0
1,0,0,0,0,0,1,1,0,0,0,0,0,0,0,0,3,1,0,139,1,0,0,2,213,A,join_vs_subquery,8.984
0,0,0,0,0,0,3,1,0,0,0,0,0,0,0,2,4,1,0,219,0,0,1,2,213,B,join_vs_subquery,15.795
0,0,0,0,1,1,1,1,0,0,0,0,0,0,0,0,1,0,0,113,1,0,1,0,214,A,orderby_variant,1.659
0,0,0,0,1,1,1,1,0,0,0,0,0,0,0,0,1,0,0,111,0,0,1,0,214,B,orderby_variant,0.139
1,0,0,0,0,0,1,1,0,0,0,0,0,0,0,0,3,1,0,139,1,0,0,2,215,A,join_vs_subquery,8.967
0,0,0,0,0,0,3,1,0,0,0,0,0,0,0,2,4,1,0,219,0,0,1,2,215,B,join_vs_subquery,15.864
0,0,0,0,0,0,1,1,1,0,0,0,0,0,0,1,1,0,0,59,0,0,0,1,216,A,count_star_vs_one,0.03
0,0,0,0,0,0,1,1,1,0,0,0,0,0,0,1,1,0,0,59,0,0,0,1,216,B,count_star_vs_one,0.03
1,0,0,0,0,0,1,1,0,0,0,0,0,0,0,0,3,1,0,139,1,0,0,2,217,A,join_vs_subquery,9.776
0,0,0,0,0,0,3,1,0,0,0,0,0,0,0,2,4,1,0,219,0,0,1,2,217,B,join_vs_subquery,15.734
0,0,0,0,1,1,1,1,0,0,0,0,0,0,0,0,1,0,0,111,1,0,1,0,218,A,orderby_variant,0.125
0,0,0,0,1,1,1,1,0,0,0,0,0,0,0,0,1,0,0,109,0,0,1,0,218,B,orderby_variant,0.047
0,0,0,0,1,1,1,1,0,0,0,0,0,0,0,0,1,0,0,111,1,0,1,0,219,A,orderby_variant,0.121
0,0,0,0,1,1,1,1,0,0,0,0,0,0,0,0,1,0,0,109,0,0,1,0,219,B,orderby_variant,0.048
0,0,1,0,0,0,2,1,0,0,0,0,0,0,0,1,2,1,0,132,0,0,1,1,220,A,in_vs_exists,9.804
0,1,0,0,0,0,2,1,0,0,0,0,0,0,0,1,3,2,0,144,1,0,0,2,220,B,in_vs_exists,2.688
1,0,0,0,0,0,1,1,0,0,0,0,0,0,0,0,3,1,0,139,1,0,0,2,221,A,join_vs_subquery,9.237
0,0,0,0,0,0,3,1,0,0,0,0,0,0,0,2,4,1,0,219,0,0,1,2,221,B,join_vs_subquery,15.89
0,0,0,0,0,0,1,1,1,0,0,0,0,0,0,1,1,0,0,59,0,0,0,1,222,A,count_star_vs_one,0.028
0,0,0,0,0,0,1,1,1,0,0,0,0,0,0,1,1,0,0,59,0,0,0,1,222,B,count_star_vs_one,0.03
0,0,0,0,0,0,1,1,1,0,0,0,0,0,0,1,1,0,0,59,0,0,0,1,223,A,count_star_vs_one,0.028
0,0,0,0,0,0,1,1,1,0,0,0,0,0,0,1,1,0,0,59,0,0,0,1,223,B,count_star_vs_one,0.03
0,0,0,0,0,0,1,1,1,0,0,0,0,0,0,1,1,0,0,59,0,0,0,1,224,A,count_star_vs_one,0.028
0,0,0,0,0,0,1,1,1,0,0,0,0,0,0,1,1,0,0,59,0,0,0,1,224,B,count_star_vs_one,0.03
0,0,0,0,0,0,1,1,1,0,0,0,0,0,0,1,1,0,0,59,0,0,0,1,225,A,count_star_vs_one,0.027
0,0,0,0,0,0,1,1,1,0,0,0,0,0,0,1,1,0,0,59,0,0,0,1,225,B,count_star_vs_one,0.03
0,0,0,0,1,1,1,1,0,0,0,0,0,0,0,0,1,0,0,112,1,0,1,0,226,A,orderby_variant,0.328
0,0,0,0,1,1,1,1,0,0,0,0,0,0,0,0,1,0,0,110,0,0,1,0,226,B,orderby_variant,0.06
1,0,0,0,0,0,1,1,0,0,0,0,0,0,0,0,3,1,0,139,1,0,0,2,227,A,join_vs_subquery,8.769
0,0,0,0,0,0,3,1,0,0,0,0,0,0,0,2,4,1,0,219,0,0,1,2,227,B,join_vs_subquery,15.454
1,0,0,0,0,0,1,1,0,0,0,0,0,0,0,0,3,1,0,136,1,0,0,2,228,A,join_vs_subquery,8.566
0,0,0,0,0,0,3,1,0,0,0,0,0,0,0,2,4,1,0,216,0,0,1,2,228,B,join_vs_subquery,15.427
1,0,0,0,0,0,1,1,0,0,0,0,0,0,0,0,3,1,0,136,1,0,0,2,229,A,join_vs_subquery,9.039
0,0,0,0,0,0,3,1,0,0,0,0,0,0,0,2,4,1,0,216,0,0,1,2,229,B,join_vs_subquery,15.598
0,0,0,0,1,1,1,1,0,0,0,0,0,0,0,0,1,0,0,111,1,0,1,0,230,A,orderby_variant,0.136
0,0,0,0,1,1,1,1,0,0,0,0,0,0,0,0,1,0,0,109,0,0,1,0,230,B,orderby_variant,0.051
1,0,0,0,0,0,1,1,0,0,0,0,0,0,0,0,3,1,0,143,1,0,0,2,231,A,join_vs_subquery,7.588
0,0,0,0,0,0,3,1,0,0,0,0,0,0,0,2,4,1,0,223,0,0,1,2,231,B,join_vs_subquery,15.016
0,0,1,0,0,0,2,1,0,0,0,0,0,0,0,1,2,1,0,132,0,0,1,1,232,A,in_vs_exists,9.847
0,1,0,0,0,0,2,1,0,0,0,0,0,0,0,1,3,2,0,144,1,0,0,2,232,B,in_vs_exists,2.836
0,0,0,0,0,0,1,1,1,0,0,0,0,0,0,1,1,0,0,59,0,0,0,1,233,A,count_star_vs_one,0.029
0,0,0,0,0,0,1,1,1,0,0,0,0,0,0,1,1,0,0,59,0,0,0,1,233,B,count_star_vs_one,0.03
0,0,1,0,0,0,2,1,0,0,0,0,0,0,0,1,2,1,0,132,0,0,1,1,234,A,in_vs_exists,9.749
0,1,0,0,0,0,2,1,0,0,0,0,0,0,0,1,3,2,0,144,1,0,0,2,234,B,in_vs_exists,2.962
0,0,0,0,0,0,1,1,1,0,0,0,0,0,0,1,1,0,0,59,0,0,0,1,235,A,count_star_vs_one,0.028
0,0,0,0,0,0,1,1,1,0,0,0,0,0,0,1,1,0,0,59,0,0,0,1,235,B,count_star_vs_one,0.028
0,0,0,0,1,1,1,1,0,0,0,0,0,0,0,0,1,0,0,113,1,0,1,0,236,A,orderby_variant,1.667
0,0,0,0,1,1,1,1,0,0,0,0,0,0,0,0,1,0,0,111,0,0,1,0,236,B,orderby_variant,0.141
1,0,0,0,0,0,1,1,0,0,0,0,0,0,0,0,3,1,0,136,1,0,0,2,237,A,join_vs_subquery,8.943
0,0,0,0,0,0,3,1,0,0,0,0,0,0,0,2,4,1,0,216,0,0,1,2,237,B,join_vs_subquery,15.916
0,0,0,0,1,1,1,1,0,0,0,0,0,0,0,0,1,0,0,111,1,0,1,0,238,A,orderby_variant,0.146
0,0,0,0,1,1,1,1,0,0,0,0,0,0,0,0,1,0,0,109,0,0,1,0,238,B,orderby_variant,0.052
0,0,0,0,0,0,1,1,1,0,0,0,0,0,0,1,1,0,0,59,0,0,0,1,239,A,count_star_vs_one,0.029
0,0,0,0,0,0,1,1,1,0,0,0,0,0,0,1,1,0,0,59,0,0,0,1,239,B,count_star_vs_one,0.03
1,0,0,0,0,0,1,1,0,0,0,0,0,0,0,0,3,1,0,139,1,0,0,2,240,A,join_vs_subquery,9.073
0,0,0,0,0,0,3,1,0,0,0,0,0,0,0,2,4,1,0,219,0,0,1,2,240,B,join_vs_subquery,16.01
0,0,0,0,0,0,1,1,1,0,0,0,0,0,0,1,1,0,0,59,0,0,0,1,241,A,count_star_vs_one,0.027
0,0,0,0,0,0,1,1,1,0,0,0,0,0,0,1,1,0,0,59,0,0,0,1,241,B,count_star_vs_one,0.028
0,0,0,0,1,1,1,1,0,0,0,0,0,0,0,0,1,0,0,114,1,0,1,0,242,A,orderby_variant,0.351
0,0,0,0,1,1,1,1,0,0,0,0,0,0,0,0,1,0,0,112,0,0,1,0,242,B,orderby_variant,0.057
0,0,0,0,1,1,1,1,0,0,0,0,0,0,0,0,1,0,0,113,1,0,1,0,243,A,orderby_variant,1.693
0,0,0,0,1,1,1,1,0,0,0,0,0,0,0,0,1,0,0,111,0,0,1,0,243,B,orderby_variant,0.141
0,0,0,0,1,1,1,1,0,0,0,0,0,0,0,0,1,0,0,112,1,0,1,0,244,A,orderby_variant,0.336
0,0,0,0,1,1,1,1,0,0,0,0,0,0,0,0,1,0,0,110,0,0,1,0,244,B,orderby_variant,0.06
0,0,1,0,0,0,2,1,0,0,0,0,0,0,0,1,2,1,0,132,0,0,1,1,245,A,in_vs_exists,10.056
0,1,0,0,0,0,2,1,0,0,0,0,0,0,0,1,3,2,0,144,1,0,0,2,245,B,in_vs_exists,2.962
1,0,0,0,0,0,1,1,0,0,0,0,0,0,0,0,3,1,0,139,1,0,0,2,246,A,join_vs_subquery,9.125
0,0,0,0,0,0,3,1,0,0,0,0,0,0,0,2,4,1,0,219,0,0,1,2,246,B,join_vs_subquery,16.106
1,0,0,0,0,0,1,1,0,0,0,0,0,0,0,0,3,1,0,143,1,0,0,2,247,A,join_vs_subquery,7.827
0,0,0,0,0,0,3,1,0,0,0,0,0,0,0,2,4,1,0,223,0,0,1,2,247,B,join_vs_subquery,14.948
0,0,0,0,1,1,1,1,0,0,0,0,0,0,0,0,1,0,0,114,1,0,1,0,248,A,orderby_variant,1.535
0,0,0,0,1,1,1,1,0,0,0,0,0,0,0,0,1,0,0,112,0,0,1,0,248,B,orderby_variant,0.149
0,0,1,0,0,0,2,1,0,0,0,0,0,0,0,1,2,1,0,132,0,0,1,1,249,A,in_vs_exists,9.81
0,1,0,0,0,0,2,1,0,0,0,0,0,0,0,1,3,2,0,144,1,0,0,2,249,B,in_vs_exists,2.781
0,0,0,0,1,1,1,1,0,0,0,0,0,0,0,0,1,0,0,113,1,0,1,0,250,A,orderby_variant,1.626
0,0,0,0,1,1,1,1,0,0,0,0,0,0,0,0,1,0,0,111,0,0,1,0,250,B,orderby_variant,0.14
1,0,0,0,0,0,1,1,0,0,0,0,0,0,0,0,3,1,0,137,1,0,0,2,251,A,join_vs_subquery,9.178
0,0,0,0,0,0,3,1,0,0,0,0,0,0,0,2,4,1,0,217,0,0,1,2,251,B,join_vs_subquery,15.647
0,0,1,0,0,0,2,1,0,0,0,0,0,0,0,1,2,1,0,132,0,0,1,1,252,A,in_vs_exists,9.689
0,1,0,0,0,0,2,1,0,0,0,0,0,0,0,1,3,2,0,144,1,0,0,2,252,B,in_vs_exists,2.934
0,0,0,0,1,1,1,1,0,0,0,0,0,0,0,0,1,0,0,111,1,0,1,0,253,A,orderby_variant,0.137
0,0,0,0,1,1,1,1,0,0,0,0,0,0,0,0,1,0,0,109,0,0,1,0,253,B,orderby_variant,0.051
1,0,0,0,0,0,1,1,0,0,0,0,0,0,0,0,3,1,0,136,1,0,0,2,254,A,join_vs_subquery,9.146
0,0,0,0,0,0,3,1,0,0,0,0,0,0,0,2,4,1,0,216,0,0,1,2,254,B,join_vs_subquery,15.93
0,0,1,0,0,0,2,1,0,0,0,0,0,0,0,1,2,1,0,132,0,0,1,1,255,A,in_vs_exists,10.022
0,1,0,0,0,0,2,1,0,0,0,0,0,0,0,1,3,2,0,144,1,0,0,2,255,B,in_vs_exists,2.947
0,0,1,0,0,0,2,1,0,0,0,0,0,0,0,1,2,1,0,132,0,0,1,1,256,A,in_vs_exists,9.853
0,1,0,0,0,0,2,1,0,0,0,0,0,0,0,1,3,2,0,144,1,0,0,2,256,B,in_vs_exists,2.893
0,0,0,0,1,1,1,1,0,0,0,0,0,0,0,0,1,0,0,112,1,0,1,0,257,A,orderby_variant,0.339
0,0,0,0,1,1,1,1,0,0,0,0,0,0,0,0,1,0,0,110,0,0,1,0,257,B,orderby_variant,0.06
0,0,1,0,0,0,2,1,0,0,0,0,0,0,0,1,2,1,0,132,0,0,1,1,258,A,in_vs_exists,9.972
0,1,0,0,0,0,2,1,0,0,0,0,0,0,0,1,3,2,0,144,1,0,0,2,258,B,in_vs_exists,2.774
1,0,0,0,0,0,1,1,0,0,0,0,0,0,0,0,3,1,0,136,1,0,0,2,259,A,join_vs_subquery,8.843
0,0,0,0,0,0,3,1,0,0,0,0,0,0,0,2,4,1,0,216,0,0,1,2,259,B,join_vs_subquery,15.735
0,0,0,0,0,0,1,1,1,0,0,0,0,0,0,1,1,0,0,59,0,0,0,1,260,A,count_star_vs_one,0.027
0,0,0,0,0,0,1,1,1,0,0,0,0,0,0,1,1,0,0,59,0,0,0,1,260,B,count_star_vs_one,0.028
0,0,0,0,0,0,1,1,1,0,0,0,0,0,0,1,1,0,0,59,0,0,0,1,261,A,count_star_vs_one,0.029
0,0,0,0,0,0,1,1,1,0,0,0,0,0,0,1,1,0,0,59,0,0,0,1,261,B,count_star_vs_one,0.031
0,0,0,0,1,1,1,1,0,0,0,0,0,0,0,0,1,0,0,113,1,0,1,0,262,A,orderby_variant,1.516
0,0,0,0,1,1,1,1,0,0,0,0,0,0,0,0,1,0,0,111,0,0,1,0,262,B,orderby_variant,0.137
1,0,0,0,0,0,1,1,0,0,0,0,0,0,0,0,3,1,0,143,1,0,0,2,263,A,join_vs_subquery,7.59
0,0,0,0,0,0,3,1,0,0,0,0,0,0,0,2,4,1,0,223,0,0,1,2,263,B,join_vs_subquery,14.948
0,0,0,0,0,0,1,1,1,0,0,0,0,0,0,1,1,0,0,59,0,0,0,1,264,A,count_star_vs_one,0.029
0,0,0,0,0,0,1,1,1,0,0,0,0,0,0,1,1,0,0,59,0,0,0,1,264,B,count_star_vs_one,0.03
1,0,0,0,0,0,1,1,0,0,0,0,0,0,0,0,3,1,0,139,1,0,0,2,265,A,join_vs_subquery,9.287
0,0,0,0,0,0,3,1,0,0,0,0,0,0,0,2,4,1,0,219,0,0,1,2,265,B,join_vs_subquery,15.914
0,0,1,0,0,0,2,1,0,0,0,0,0,0,0,1,2,1,0,132,0,0,1,1,266,A,in_vs_exists,9.937
0,1,0,0,0,0,2,1,0,0,0,0,0,0,0,1,3,2,0,144,1,0,0,2,266,B,in_vs_exists,2.7
1,0,0,0,0,0,1,1,0,0,0,0,0,0,0,0,3,1,0,143,1,0,0,2,267,A,join_vs_subquery,7.636
0,0,0,0,0,0,3,1,0,0,0,0,0,0,0,2,4,1,0,223,0,0,1,2,267,B,join_vs_subquery,15.028
0,0,1,0,0,0,2,1,0,0,0,0,0,0,0,1,2,1,0,132,0,0,1,1,268,A,in_vs_exists,9.858
0,1,0,0,0,0,2,1,0,0,0,0,0,0,0,1,3,2,0,144,1,0,0,2,268,B,in_vs_exists,2.704
1,0,0,0,0,0,1,1,0,0,0,0,0,0,0,0,3,1,0,136,1,0,0,2,269,A,join_vs_subquery,8.641
0,0,0,0,0,0,3,1,0,0,0,0,0,0,0,2,4,1,0,216,0,0,1,2,269,B,join_vs_subquery,15.901
0,0,0,0,1,1,1,1,0,0,0,0,0,0,0,0,1,0,0,111,1,0,1,0,270,A,orderby_variant,0.144
0,0,0,0,1,1,1,1,0,0,0,0,0,0,0,0,1,0,0,109,0,0,1,0,270,B,orderby_variant,0.051
0,0,0,0,0,0,1,1,1,0,0,0,0,0,0,1,1,0,0,59,0,0,0,1,271,A,count_star_vs_one,0.027
0,0,0,0,0,0,1,1,1,0,0,0,0,0,0,1,1,0,0,59,0,0,0,1,271,B,count_star_vs_one,0.029
0,0,1,0,0,0,2,1,0,0,0,0,0,0,0,1,2,1,0,132,0,0,1,1,272,A,in_vs_exists,10.039
0,1,0,0,0,0,2,1,0,0,0,0,0,0,0,1,3,2,0,144,1,0,0,2,272,B,in_vs_exists,2.79
1,0,0,0,0,0,1,1,0,0,0,0,0,0,0,0,3,1,0,136,1,0,0,2,273,A,join_vs_subquery,9.325
0,0,0,0,0,0,3,1,0,0,0,0,0,0,0,2,4,1,0,216,0,0,1,2,273,B,join_vs_subquery,16.139
0,0,0,0,1,1,1,1,0,0,0,0,0,0,0,0,1,0,0,111,1,0,1,0,274,A,orderby_variant,0.142
0,0,0,0,1,1,1,1,0,0,0,0,0,0,0,0,1,0,0,109,0,0,1,0,274,B,orderby_variant,0.052
0,0,0,0,0,0,1,1,1,0,0,0,0,0,0,1,1,0,0,59,0,0,0,1,275,A,count_star_vs_one,0.029
0,0,0,0,0,0,1,1,1,0,0,0,0,0,0,1,1,0,0,59,0,0,0,1,275,B,count_star_vs_one,0.03
0,0,1,0,0,0,2,1,0,0,0,0,0,0,0,1,2,1,0,132,0,0,1,1,276,A,in_vs_exists,10.037
0,1,0,0,0,0,2,1,0,0,0,0,0,0,0,1,3,2,0,144,1,0,0,2,276,B,in_vs_exists,2.787
0,0,1,0,0,0,2,1,0,0,0,0,0,0,0,1,2,1,0,132,0,0,1,1,277,A,in_vs_exists,9.84
0,1,0,0,0,0,2,1,0,0,0,0,0,0,0,1,3,2,0,144,1,0,0,2,277,B,in_vs_exists,2.782
0,0,0,0,1,1,1,1,0,0,0,0,0,0,0,0,1,0,0,111,1,0,1,0,278,A,orderby_variant,0.132
0,0,0,0,1,1,1,1,0,0,0,0,0,0,0,0,1,0,0,109,0,0,1,0,278,B,orderby_variant,0.053
0,0,0,0,1,1,1,1,0,0,0,0,0,0,0,0,1,0,0,112,1,0,1,0,279,A,orderby_variant,0.333
0,0,0,0,1,1,1,1,0,0,0,0,0,0,0,0,1,0,0,110,0,0,1,0,279,B,orderby_variant,0.061
1,0,0,0,0,0,1,1,0,0,0,0,0,0,0,0,3,1,0,137,1,0,0,2,280,A,join_vs_subquery,9.212
0,0,0,0,0,0,3,1,0,0,0,0,0,0,0,2,4,1,0,217,0,0,1,2,280,B,join_vs_subquery,15.649
0,0,0,0,0,0,1,1,1,0,0,0,0,0,0,1,1,0,0,59,0,0,0,1,281,A,count_star_vs_one,0.028
0,0,0,0,0,0,1,1,1,0,0,0,0,0,0,1,1,0,0,59,0,0,0,1,281,B,count_star_vs_one,0.029
0,0,0,0,0,0,1,1,1,0,0,0,0,0,0,1,1,0,0,59,0,0,0,1,282,A,count_star_vs_one,0.028
0,0,0,0,0,0,1,1,1,0,0,0,0,0,0,1,1,0,0,59,0,0,0,1,282,B,count_star_vs_one,0.028
0,0,0,0,0,0,1,1,1,0,0,0,0,0,0,1,1,0,0,59,0,0,0,1,283,A,count_star_vs_one,0.029
0,0,0,0,0,0,1,1,1,0,0,0,0,0,0,1,1,0,0,59,0,0,0,1,283,B,count_star_vs_one,0.031
0,0,1,0,0,0,2,1,0,0,0,0,0,0,0,1,2,1,0,132,0,0,1,1,284,A,in_vs_exists,9.848
0,1,0,0,0,0,2,1,0,0,0,0,0,0,0,1,3,2,0,144,1,0,0,2,284,B,in_vs_exists,2.703
1,0,0,0,0,0,1,1,0,0,0,0,0,0,0,0,3,1,0,143,1,0,0,2,285,A,join_vs_subquery,7.593
0,0,0,0,0,0,3,1,0,0,0,0,0,0,0,2,4,1,0,223,0,0,1,2,285,B,join_vs_subquery,15.083
1,0,0,0,0,0,1,1,0,0,0,0,0,0,0,0,3,1,0,139,1,0,0,2,286,A,join_vs_subquery,8.802
0,0,0,0,0,0,3,1,0,0,0,0,0,0,0,2,4,1,0,219,0,0,1,2,286,B,join_vs_subquery,15.435
0,0,0,0,1,1,1,1,0,0,0,0,0,0,0,0,1,0,0,114,1,0,1,0,287,A,orderby_variant,0.352
0,0,0,0,1,1,1,1,0,0,0,0,0,0,0,0,1,0,0,112,0,0,1,0,287,B,orderby_variant,0.057
1,0,0,0,0,0,1,1,0,0,0,0,0,0,0,0,3,1,0,143,1,0,0,2,288,A,join_vs_subquery,7.797
0,0,0,0,0,0,3,1,0,0,0,0,0,0,0,2,4,1,0,223,0,0,1,2,288,B,join_vs_subquery,15.465
0,0,0,0,0,0,1,1,1,0,0,0,0,0,0,1,1,0,0,59,0,0,0,1,289,A,count_star_vs_one,0.027
0,0,0,0,0,0,1,1,1,0,0,0,0,0,0,1,1,0,0,59,0,0,0,1,289,B,count_star_vs_one,0.028
0,0,0,0,0,0,1,1,1,0,0,0,0,0,0,1,1,0,0,59,0,0,0,1,290,A,count_star_vs_one,0.028
0,0,0,0,0,0,1,1,1,0,0,0,0,0,0,1,1,0,0,59,0,0,0,1,290,B,count_star_vs_one,0.03
0,0,1,0,0,0,2,1,0,0,0,0,0,0,0,1,2,1,0,132,0,0,1,1,291,A,in_vs_exists,9.901
0,1,0,0,0,0,2,1,0,0,0,0,0,0,0,1,3,2,0,144,1,0,0,2,291,B,in_vs_exists,2.89
0,0,0,0,0,0,1,1,1,0,0,0,0,0,0,1,1,0,0,59,0,0,0,1,292,A,count_star_vs_one,0.028
0,0,0,0,0,0,1,1,1,0,0,0,0,0,0,1,1,0,0,59,0,0,0,1,292,B,count_star_vs_one,0.028
0,0,0,0,1,1,1,1,0,0,0,0,0,0,0,0,1,0,0,114,1,0,1,0,293,A,orderby_variant,1.563
0,0,0,0,1,1,1,1,0,0,0,0,0,0,0,0,1,0,0,112,0,0,1,0,293,B,orderby_variant,0.146
0,0,0,0,0,0,1,1,1,0,0,0,0,0,0,1,1,0,0,59,0,0,0,1,294,A,count_star_vs_one,0.027
0,0,0,0,0,0,1,1,1,0,0,0,0,0,0,1,1,0,0,59,0,0,0,1,294,B,count_star_vs_one,0.03
0,0,1,0,0,0,2,1,0,0,0,0,0,0,0,1,2,1,0,132,0,0,1,1,295,A,in_vs_exists,9.922
0,1,0,0,0,0,2,1,0,0,0,0,0,0,0,1,3,2,0,144,1,0,0,2,295,B,in_vs_exists,2.926
1,0,0,0,0,0,1,1,0,0,0,0,0,0,0,0,3,1,0,139,1,0,0,2,296,A,join_vs_subquery,9.007
0,0,0,0,0,0,3,1,0,0,0,0,0,0,0,2,4,1,0,219,0,0,1,2,296,B,join_vs_subquery,15.979
0,0,1,0,0,0,2,1,0,0,0,0,0,0,0,1,2,1,0,132,0,0,1,1,297,A,in_vs_exists,9.939
0,1,0,0,0,0,2,1,0,0,0,0,0,0,0,1,3,2,0,144,1,0,0,2,297,B,in_vs_exists,2.863
0,0,1,0,0,0,2,1,0,0,0,0,0,0,0,1,2,1,0,132,0,0,1,1,298,A,in_vs_exists,9.975
0,1,0,0,0,0,2,1,0,0,0,0,0,0,0,1,3,2,0,144,1,0,0,2,298,B,in_vs_exists,2.915
0,0,0,0,0,0,1,1,1,0,0,0,0,0,0,1,1,0,0,59,0,0,0,1,299,A,count_star_vs_one,0.028
0,0,0,0,0,0,1,1,1,0,0,0,0,0,0,1,1,0,0,59,0,0,0,1,299,B,count_star_vs_one,0.03
0,0,0,0,0,0,1,1,1,0,0,0,0,0,0,1,1,0,0,59,0,0,0,1,300,A,count_star_vs_one,0.029
0,0,0,0,0,0,1,1,1,0,0,0,0,0,0,1,1,0,0,59,0,0,0,1,300,B,count_star_vs_one,0.03
0,0,0,0,0,0,1,1,1,0,0,0,0,0,0,1,1,0,0,59,0,0,0,1,301,A,count_star_vs_one,0.028
0,0,0,0,0,0,1,1,1,0,0,0,0,0,0,1,1,0,0,59,0,0,0,1,301,B,count_star_vs_one,0.029
1,0,0,0,0,0,1,1,0,0,0,0,0,0,0,0,3,1,0,143,1,0,0,2,302,A,join_vs_subquery,7.873
0,0,0,0,0,0,3,1,0,0,0,0,0,0,0,2,4,1,0,223,0,0,1,2,302,B,join_vs_subquery,15.528
0,0,1,0,0,0,2,1,0,0,0,0,0,0,0,1,2,1,0,132,0,0,1,1,303,A,in_vs_exists,10.15
0,1,0,0,0,0,2,1,0,0,0,0,0,0,0,1,3,2,0,144,1,0,0,2,303,B,in_vs_exists,3.022
0,0,0,0,1,1,1,1,0,0,0,0,0,0,0,0,1,0,0,114,1,0,1,0,304,A,orderby_variant,0.351
0,0,0,0,1,1,1,1,0,0,0,0,0,0,0,0,1,0,0,112,0,0,1,0,304,B,orderby_variant,0.058
1,0,0,0,0,0,1,1,0,0,0,0,0,0,0,0,3,1,0,139,1,0,0,2,305,A,join_vs_subquery,9.595
0,0,0,0,0,0,3,1,0,0,0,0,0,0,0,2,4,1,0,219,0,0,1,2,305,B,join_vs_subquery,15.677
0,0,0,0,1,1,1,1,0,0,0,0,0,0,0,0,1,0,0,111,1,0,1,0,306,A,orderby_variant,0.134
0,0,0,0,1,1,1,1,0,0,0,0,0,0,0,0,1,0,0,109,0,0,1,0,306,B,orderby_variant,0.05
0,0,0,0,1,1,1,1,0,0,0,0,0,0,0,0,1,0,0,112,1,0,1,0,307,A,orderby_variant,0.331
0,0,0,0,1,1,1,1,0,0,0,0,0,0,0,0,1,0,0,110,0,0,1,0,307,B,orderby_variant,0.059
0,0,0,0,0,0,1,1,1,0,0,0,0,0,0,1,1,0,0,59,0,0,0,1,308,A,count_star_vs_one,0.028
0,0,0,0,0,0,1,1,1,0,0,0,0,0,0,1,1,0,0,59,0,0,0,1,308,B,count_star_vs_one,0.03
0,0,0,0,0,0,1,1,1,0,0,0,0,0,0,1,1,0,0,59,0,0,0,1,309,A,count_star_vs_one,0.027
0,0,0,0,0,0,1,1,1,0,0,0,0,0,0,1,1,0,0,59,0,0,0,1,309,B,count_star_vs_one,0.027
1,0,0,0,0,0,1,1,0,0,0,0,0,0,0,0,3,1,0,143,1,0,0,2,310,A,join_vs_subquery,7.723
0,0,0,0,0,0,3,1,0,0,0,0,0,0,0,2,4,1,0,223,0,0,1,2,310,B,join_vs_subquery,15.09
0,0,0,0,0,0,1,1,1,0,0,0,0,0,0,1,1,0,0,59,0,0,0,1,311,A,count_star_vs_one,0.028
0,0,0,0,0,0,1,1,1,0,0,0,0,0,0,1,1,0,0,59,0,0,0,1,311,B,count_star_vs_one,0.03
0,0,0,0,0,0,1,1,1,0,0,0,0,0,0,1,1,0,0,59,0,0,0,1,312,A,count_star_vs_one,0.028
0,0,0,0,0,0,1,1,1,0,0,0,0,0,0,1,1,0,0,59,0,0,0,1,312,B,count_star_vs_one,0.03
1,0,0,0,0,0,1,1,0,0,0,0,0,0,0,0,3,1,0,136,1,0,0,2,313,A,join_vs_subquery,9.065
0,0,0,0,0,0,3,1,0,0,0,0,0,0,0,2,4,1,0,216,0,0,1,2,313,B,join_vs_subquery,15.722
0,0,0,0,1,1,1,1,0,0,0,0,0,0,0,0,1,0,0,114,1,0,1,0,314,A,orderby_variant,1.533
0,0,0,0,1,1,1,1,0,0,0,0,0,0,0,0,1,0,0,112,0,0,1,0,314,B,orderby_variant,0.145
0,0,0,0,1,1,1,1,0,0,0,0,0,0,0,0,1,0,0,111,1,0,1,0,315,A,orderby_variant,0.134
0,0,0,0,1,1,1,1,0,0,0,0,0,0,0,0,1,0,0,109,0,0,1,0,315,B,orderby_variant,0.048
0,0,0,0,1,1,1,1,0,0,0,0,0,0,0,0,1,0,0,111,1,0,1,0,316,A,orderby_variant,0.124
0,0,0,0,1,1,1,1,0,0,0,0,0,0,0,0,1,0,0,109,0,0,1,0,316,B,orderby_variant,0.052
0,0,0,0,1,1,1,1,0,0,0,0,0,0,0,0,1,0,0,114,1,0,1,0,317,A,orderby_variant,0.337
0,0,0,0,1,1,1,1,0,0,0,0,0,0,0,0,1,0,0,112,0,0,1,0,317,B,orderby_variant,0.057
0,0,0,0,0,0,1,1,1,0,0,0,0,0,0,1,1,0,0,59,0,0,0,1,318,A,count_star_vs_one,0.028
0,0,0,0,0,0,1,1,1,0,0,0,0,0,0,1,1,0,0,59,0,0,0,1,318,B,count_star_vs_one,0.03
1,0,0,0,0,0,1,1,0,0,0,0,0,0,0,0,3,1,0,136,1,0,0,2,319,A,join_vs_subquery,8.694
0,0,0,0,0,0,3,1,0,0,0,0,0,0,0,2,4,1,0,216,0,0,1,2,319,B,join_vs_subquery,15.538
0,0,1,0,0,0,2,1,0,0,0,0,0,0,0,1,2,1,0,132,0,0,1,1,320,A,in_vs_exists,9.837
0,1,0,0,0,0,2,1,0,0,0,0,0,0,0,1,3,2,0,144,1,0,0,2,320,B,in_vs_exists,2.795
0,0,0,0,1,1,1,1,0,0,0,0,0,0,0,0,1,0,0,114,1,0,1,0,321,A,orderby_variant,0.341
0,0,0,0,1,1,1,1,0,0,0,0,0,0,0,0,1,0,0,112,0,0,1,0,321,B,orderby_variant,0.059
0,0,1,0,0,0,2,1,0,0,0,0,0,0,0,1,2,1,0,132,0,0,1,1,322,A,in_vs_exists,9.878
0,1,0,0,0,0,2,1,0,0,0,0,0,0,0,1,3,2,0,144,1,0,0,2,322,B,in_vs_exists,2.89
0,0,0,0,0,0,1,1,1,0,0,0,0,0,0,1,1,0,0,59,0,0,0,1,323,A,count_star_vs_one,0.027
0,0,0,0,0,0,1,1,1,0,0,0,0,0,0,1,1,0,0,59,0,0,0,1,323,B,count_star_vs_one,0.028
0,0,1,0,0,0,2,1,0,0,0,0,0,0,0,1,2,1,0,132,0,0,1,1,324,A,in_vs_exists,9.782
0,1,0,0,0,0,2,1,0,0,0,0,0,0,0,1,3,2,0,144,1,0,0,2,324,B,in_vs_exists,2.795
0,0,0,0,0,0,1,1,1,0,0,0,0,0,0,1,1,0,0,59,0,0,0,1,325,A,count_star_vs_one,0.028
0,0,0,0,0,0,1,1,1,0,0,0,0,0,0,1,1,0,0,59,0,0,0,1,325,B,count_star_vs_one,0.03
0,0,1,0,0,0,2,1,0,0,0,0,0,0,0,1,2,1,0,132,0,0,1,1,326,A,in_vs_exists,9.878
0,1,0,0,0,0,2,1,0,0,0,0,0,0,0,1,3,2,0,144,1,0,0,2,326,B,in_vs_exists,2.843
0,0,1,0,0,0,2,1,0,0,0,0,0,0,0,1,2,1,0,132,0,0,1,1,327,A,in_vs_exists,9.998
0,1,0,0,0,0,2,1,0,0,0,0,0,0,0,1,3,2,0,144,1,0,0,2,327,B,in_vs_exists,2.706
0,0,0,0,1,1,1,1,0,0,0,0,0,0,0,0,1,0,0,112,1,0,1,0,328,A,orderby_variant,0.337
0,0,0,0,1,1,1,1,0,0,0,0,0,0,0,0,1,0,0,110,0,0,1,0,328,B,orderby_variant,0.061
1,0,0,0,0,0,1,1,0,0,0,0,0,0,0,0,3,1,0,139,1,0,0,2,329,A,join_vs_subquery,8.816
0,0,0,0,0,0,3,1,0,0,0,0,0,0,0,2,4,1,0,219,0,0,1,2,329,B,join_vs_subquery,15.521
0,0,0,0,0,0,1,1,1,0,0,0,0,0,0,1,1,0,0,59,0,0,0,1,330,A,count_star_vs_one,0.03
0,0,0,0,0,0,1,1,1,0,0,0,0,0,0,1,1,0,0,59,0,0,0,1,330,B,count_star_vs_one,0.03
0,0,0,0,1,1,1,1,0,0,0,0,0,0,0,0,1,0,0,112,1,0,1,0,331,A,orderby_variant,0.331
0,0,0,0,1,1,1,1,0,0,0,0,0,0,0,0,1,0,0,110,0,0,1,0,331,B,orderby_variant,0.058
0,0,0,0,1,1,1,1,0,0,0,0,0,0,0,0,1,0,0,114,1,0,1,0,332,A,orderby_variant,1.532
0,0,0,0,1,1,1,1,0,0,0,0,0,0,0,0,1,0,0,112,0,0,1,0,332,B,orderby_variant,0.147
0,0,1,0,0,0,2,1,0,0,0,0,0,0,0,1,2,1,0,132,0,0,1,1,333,A,in_vs_exists,9.86
0,1,0,0,0,0,2,1,0,0,0,0,0,0,0,1,3,2,0,144,1,0,0,2,333,B,in_vs_exists,2.891
1,0,0,0,0,0,1,1,0,0,0,0,0,0,0,0,3,1,0,136,1,0,0,2,334,A,join_vs_subquery,8.594
0,0,0,0,0,0,3,1,0,0,0,0,0,0,0,2,4,1,0,216,0,0,1,2,334,B,join_vs_subquery,15.793
0,0,1,0,0,0,2,1,0,0,0,0,0,0,0,1,2,1,0,132,0,0,1,1,335,A,in_vs_exists,9.972
0,1,0,0,0,0,2,1,0,0,0,0,0,0,0,1,3,2,0,144,1,0,0,2,335,B,in_vs_exists,2.778
0,0,0,0,0,0,1,1,1,0,0,0,0,0,0,1,1,0,0,59,0,0,0,1,336,A,count_star_vs_one,0.027
0,0,0,0,0,0,1,1,1,0,0,0,0,0,0,1,1,0,0,59,0,0,0,1,336,B,count_star_vs_one,0.029
1,0,0,0,0,0,1,1,0,0,0,0,0,0,0,0,3,1,0,136,1,0,0,2,337,A,join_vs_subquery,8.883
0,0,0,0,0,0,3,1,0,0,0,0,0,0,0,2,4,1,0,216,0,0,1,2,337,B,join_vs_subquery,15.789
0,0,0,0,1,1,1,1,0,0,0,0,0,0,0,0,1,0,0,114,1,0,1,0,338,A,orderby_variant,1.568
0,0,0,0,1,1,1,1,0,0,0,0,0,0,0,0,1,0,0,112,0,0,1,0,338,B,orderby_variant,0.147
0,0,1,0,0,0,2,1,0,0,0,0,0,0,0,1,2,1,0,132,0,0,1,1,339,A,in_vs_exists,10.116
0,1,0,0,0,0,2,1,0,0,0,0,0,0,0,1,3,2,0,144,1,0,0,2,339,B,in_vs_exists,2.872
1,0,0,0,0,0,1,1,0,0,0,0,0,0,0,0,3,1,0,137,1,0,0,2,340,A,join_vs_subquery,9.41
0,0,0,0,0,0,3,1,0,0,0,0,0,0,0,2,4,1,0,217,0,0,1,2,340,B,join_vs_subquery,16.164
0,0,0,0,0,0,1,1,1,0,0,0,0,0,0,1,1,0,0,59,0,0,0,1,341,A,count_star_vs_one,0.028
0,0,0,0,0,0,1,1,1,0,0,0,0,0,0,1,1,0,0,59,0,0,0,1,341,B,count_star_vs_one,0.03
0,0,0,0,1,1,1,1,0,0,0,0,0,0,0,0,1,0,0,114,1,0,1,0,342,A,orderby_variant,0.358
0,0,0,0,1,1,1,1,0,0,0,0,0,0,0,0,1,0,0,112,0,0,1,0,342,B,orderby_variant,0.057
0,0,0,0,1,1,1,1,0,0,0,0,0,0,0,0,1,0,0,114,1,0,1,0,343,A,orderby_variant,0.346
0,0,0,0,1,1,1,1,0,0,0,0,0,0,0,0,1,0,0,112,0,0,1,0,343,B,orderby_variant,0.058
0,0,0,0,1,1,1,1,0,0,0,0,0,0,0,0,1,0,0,114,1,0,1,0,344,A,orderby_variant,1.565
0,0,0,0,1,1,1,1,0,0,0,0,0,0,0,0,1,0,0,112,0,0,1,0,344,B,orderby_variant,0.146
1,0,0,0,0,0,1,1,0,0,0,0,0,0,0,0,3,1,0,139,1,0,0,2,345,A,join_vs_subquery,9.053
0,0,0,0,0,0,3,1,0,0,0,0,0,0,0,2,4,1,0,219,0,0,1,2,345,B,join_vs_subquery,16.091
0,0,0,0,0,0,1,1,1,0,0,0,0,0,0,1,1,0,0,59,0,0,0,1,346,A,count_star_vs_one,0.028
0,0,0,0,0,0,1,1,1,0,0,0,0,0,0,1,1,0,0,59,0,0,0,1,346,B,count_star_vs_one,0.03
0,0,0,0,0,0,1,1,1,0,0,0,0,0,0,1,1,0,0,59,0,0,0,1,347,A,count_star_vs_one,0.028
0,0,0,0,0,0,1,1,1,0,0,0,0,0,0,1,1,0,0,59,0,0,0,1,347,B,count_star_vs_one,0.03
1,0,0,0,0,0,1,1,0,0,0,0,0,0,0,0,3,1,0,136,1,0,0,2,348,A,join_vs_subquery,8.926
0,0,0,0,0,0,3,1,0,0,0,0,0,0,0,2,4,1,0,216,0,0,1,2,348,B,join_vs_subquery,16.021
1,0,0,0,0,0,1,1,0,0,0,0,0,0,0,0,3,1,0,143,1,0,0,2,349,A,join_vs_subquery,7.933
0,0,0,0,0,0,3,1,0,0,0,0,0,0,0,2,4,1,0,223,0,0,1,2,349,B,join_vs_subquery,14.931
1,0,0,0,0,0,1,1,0,0,0,0,0,0,0,0,3,1,0,139,1,0,0,2,350,A,join_vs_subquery,9.299
0,0,0,0,0,0,3,1,0,0,0,0,0,0,0,2,4,1,0,219,0,0,1,2,350,B,join_vs_subquery,15.958
0,0,0,0,0,0,1,1,1,0,0,0,0,0,0,1,1,0,0,59,0,0,0,1,351,A,count_star_vs_one,0.026
0,0,0,0,0,0,1,1,1,0,0,0,0,0,0,1,1,0,0,59,0,0,0,1,351,B,count_star_vs_one,0.031
1,0,0,0,0,0,1,1,0,0,0,0,0,0,0,0,3,1,0,136,1,0,0,2,352,A,join_vs_subquery,9.062
0,0,0,0,0,0,3,1,0,0,0,0,0,0,0,2,4,1,0,216,0,0,1,2,352,B,join_vs_subquery,15.673
0,0,0,0,1,1,1,1,0,0,0,0,0,0,0,0,1,0,0,114,1,0,1,0,353,A,orderby_variant,1.537
0,0,0,0,1,1,1,1,0,0,0,0,0,0,0,0,1,0,0,112,0,0,1,0,353,B,orderby_variant,0.145
0,0,0,0,0,0,1,1,1,0,0,0,0,0,0,1,1,0,0,59,0,0,0,1,354,A,count_star_vs_one,0.029
0,0,0,0,0,0,1,1,1,0,0,0,0,0,0,1,1,0,0,59,0,0,0,1,354,B,count_star_vs_one,0.031
1,0,0,0,0,0,1,1,0,0,0,0,0,0,0,0,3,1,0,137,1,0,0,2,355,A,join_vs_subquery,9.2
0,0,0,0,0,0,3,1,0,0,0,0,0,0,0,2,4,1,0,217,0,0,1,2,355,B,join_vs_subquery,15.621
0,0,1,0,0,0,2,1,0,0,0,0,0,0,0,1,2,1,0,132,0,0,1,1,356,A,in_vs_exists,9.849
0,1,0,0,0,0,2,1,0,0,0,0,0,0,0,1,3,2,0,144,1,0,0,2,356,B,in_vs_exists,2.942
0,0,0,0,1,1,1,1,0,0,0,0,0,0,0,0,1,0,0,113,1,0,1,0,357,A,orderby_variant,1.639
0,0,0,0,1,1,1,1,0,0,0,0,0,0,0,0,1,0,0,111,0,0,1,0,357,B,orderby_variant,0.127
0,0,1,0,0,0,2,1,0,0,0,0,0,0,0,1,2,1,0,132,0,0,1,1,358,A,in_vs_exists,9.946
0,1,0,0,0,0,2,1,0,0,0,0,0,0,0,1,3,2,0,144,1,0,0,2,358,B,in_vs_exists,2.857
1,0,0,0,0,0,1,1,0,0,0,0,0,0,0,0,3,1,0,139,1,0,0,2,359,A,join_vs_subquery,8.987
0,0,0,0,0,0,3,1,0,0,0,0,0,0,0,2,4,1,0,219,0,0,1,2,359,B,join_vs_subquery,16.008
0,0,0,0,1,1,1,1,0,0,0,0,0,0,0,0,1,0,0,113,1,0,1,0,360,A,orderby_variant,1.679
0,0,0,0,1,1,1,1,0,0,0,0,0,0,0,0,1,0,0,111,0,0,1,0,360,B,orderby_variant,0.14
1,0,0,0,0,0,1,1,0,0,0,0,0,0,0,0,3,1,0,143,1,0,0,2,361,A,join_vs_subquery,7.851
0,0,0,0,0,0,3,1,0,0,0,0,0,0,0,2,4,1,0,223,0,0,1,2,361,B,join_vs_subquery,15.471
0,0,0,0,0,0,1,1,1,0,0,0,0,0,0,1,1,0,0,59,0,0,0,1,362,A,count_star_vs_one,0.026
0,0,0,0,0,0,1,1,1,0,0,0,0,0,0,1,1,0,0,59,0,0,0,1,362,B,count_star_vs_one,0.028
0,0,0,0,0,0,1,1,1,0,0,0,0,0,0,1,1,0,0,59,0,0,0,1,363,A,count_star_vs_one,0.026
0,0,0,0,0,0,1,1,1,0,0,0,0,0,0,1,1,0,0,59,0,0,0,1,363,B,count_star_vs_one,0.03
1,0,0,0,0,0,1,1,0,0,0,0,0,0,0,0,3,1,0,136,1,0,0,2,364,A,join_vs_subquery,9.028
0,0,0,0,0,0,3,1,0,0,0,0,0,0,0,2,4,1,0,216,0,0,1,2,364,B,join_vs_subquery,15.68
0,0,0,0,1,1,1,1,0,0,0,0,0,0,0,0,1,0,0,114,1,0,1,0,365,A,orderby_variant,0.35
0,0,0,0,1,1,1,1,0,0,0,0,0,0,0,0,1,0,0,112,0,0,1,0,365,B,orderby_variant,0.056
0,0,1,0,0,0,2,1,0,0,0,0,0,0,0,1,2,1,0,132,0,0,1,1,366,A,in_vs_exists,9.855
0,1,0,0,0,0,2,1,0,0,0,0,0,0,0,1,3,2,0,144,1,0,0,2,366,B,in_vs_exists,2.813
0,0,0,0,1,1,1,1,0,0,0,0,0,0,0,0,1,0,0,113,1,0,1,0,367,A,orderby_variant,1.63
0,0,0,0,1,1,1,1,0,0,0,0,0,0,0,0,1,0,0,111,0,0,1,0,367,B,orderby_variant,0.141
0,0,0,0,1,1,1,1,0,0,0,0,0,0,0,0,1,0,0,112,1,0,1,0,368,A,orderby_variant,0.336
0,0,0,0,1,1,1,1,0,0,0,0,0,0,0,0,1,0,0,110,0,0,1,0,368,B,orderby_variant,0.057
1,0,0,0,0,0,1,1,0,0,0,0,0,0,0,0,3,1,0,143,1,0,0,2,369,A,join_vs_subquery,7.657
0,0,0,0,0,0,3,1,0,0,0,0,0,0,0,2,4,1,0,223,0,0,1,2,369,B,join_vs_subquery,15.069
0,0,0,0,1,1,1,1,0,0,0,0,0,0,0,0,1,0,0,112,1,0,1,0,370,A,orderby_variant,0.326
0,0,0,0,1,1,1,1,0,0,0,0,0,0,0,0,1,0,0,110,0,0,1,0,370,B,orderby_variant,0.061
0,0,0,0,0,0,1,1,1,0,0,0,0,0,0,1,1,0,0,59,0,0,0,1,371,A,count_star_vs_one,0.028
0,0,0,0,0,0,1,1,1,0,0,0,0,0,0,1,1,0,0,59,0,0,0,1,371,B,count_star_vs_one,0.031
0,0,0,0,0,0,1,1,1,0,0,0,0,0,0,1,1,0,0,59,0,0,0,1,372,A,count_star_vs_one,0.029
0,0,0,0,0,0,1,1,1,0,0,0,0,0,0,1,1,0,0,59,0,0,0,1,372,B,count_star_vs_one,0.031
0,0,0,0,1,1,1,1,0,0,0,0,0,0,0,0,1,0,0,111,1,0,1,0,373,A,orderby_variant,0.136
0,0,0,0,1,1,1,1,0,0,0,0,0,0,0,0,1,0,0,109,0,0,1,0,373,B,orderby_variant,0.052
1,0,0,0,0,0,1,1,0,0,0,0,0,0,0,0,3,1,0,143,1,0,0,2,374,A,join_vs_subquery,7.769
0,0,0,0,0,0,3,1,0,0,0,0,0,0,0,2,4,1,0,223,0,0,1,2,374,B,join_vs_subquery,16.015
0,0,0,0,0,0,1,1,1,0,0,0,0,0,0,1,1,0,0,59,0,0,0,1,375,A,count_star_vs_one,0.03
0,0,0,0,0,0,1,1,1,0,0,0,0,0,0,1,1,0,0,59,0,0,0,1,375,B,count_star_vs_one,0.03
0,0,0,0,0,0,1,1,1,0,0,0,0,0,0,1,1,0,0,59,0,0,0,1,376,A,count_star_vs_one,0.029
0,0,0,0,0,0,1,1,1,0,0,0,0,0,0,1,1,0,0,59,0,0,0,1,376,B,count_star_vs_one,0.031
0,0,1,0,0,0,2,1,0,0,0,0,0,0,0,1,2,1,0,132,0,0,1,1,377,A,in_vs_exists,10.391
0,1,0,0,0,0,2,1,0,0,0,0,0,0,0,1,3,2,0,144,1,0,0,2,377,B,in_vs_exists,3.063
0,0,0,0,0,0,1,1,1,0,0,0,0,0,0,1,1,0,0,59,0,0,0,1,378,A,count_star_vs_one,0.028
0,0,0,0,0,0,1,1,1,0,0,0,0,0,0,1,1,0,0,59,0,0,0,1,378,B,count_star_vs_one,0.031
1,0,0,0,0,0,1,1,0,0,0,0,0,0,0,0,3,1,0,143,1,0,0,2,379,A,join_vs_subquery,8.042
0,0,0,0,0,0,3,1,0,0,0,0,0,0,0,2,4,1,0,223,0,0,1,2,379,B,join_vs_subquery,15.693
1,0,0,0,0,0,1,1,0,0,0,0,0,0,0,0,3,1,0,137,1,0,0,2,380,A,join_vs_subquery,9.53
0,0,0,0,0,0,3,1,0,0,0,0,0,0,0,2,4,1,0,217,0,0,1,2,380,B,join_vs_subquery,15.72
1,0,0,0,0,0,1,1,0,0,0,0,0,0,0,0,3,1,0,139,1,0,0,2,381,A,join_vs_subquery,9.629
0,0,0,0,0,0,3,1,0,0,0,0,0,0,0,2,4,1,0,219,0,0,1,2,381,B,join_vs_subquery,15.921
0,0,1,0,0,0,2,1,0,0,0,0,0,0,0,1,2,1,0,132,0,0,1,1,382,A,in_vs_exists,10.216
0,1,0,0,0,0,2,1,0,0,0,0,0,0,0,1,3,2,0,144,1,0,0,2,382,B,in_vs_exists,3.358
0,0,1,0,0,0,2,1,0,0,0,0,0,0,0,1,2,1,0,132,0,0,1,1,383,A,in_vs_exists,10.515
0,1,0,0,0,0,2,1,0,0,0,0,0,0,0,1,3,2,0,144,1,0,0,2,383,B,in_vs_exists,2.772
0,0,1,0,0,0,2,1,0,0,0,0,0,0,0,1,2,1,0,132,0,0,1,1,384,A,in_vs_exists,10.365
0,1,0,0,0,0,2,1,0,0,0,0,0,0,0,1,3,2,0,144,1,0,0,2,384,B,in_vs_exists,2.758
1,0,0,0,0,0,1,1,0,0,0,0,0,0,0,0,3,1,0,137,1,0,0,2,385,A,join_vs_subquery,9.557
0,0,0,0,0,0,3,1,0,0,0,0,0,0,0,2,4,1,0,217,0,0,1,2,385,B,join_vs_subquery,16.404
0,0,1,0,0,0,2,1,0,0,0,0,0,0,0,1,2,1,0,132,0,0,1,1,386,A,in_vs_exists,10.274
0,1,0,0,0,0,2,1,0,0,0,0,0,0,0,1,3,2,0,144,1,0,0,2,386,B,in_vs_exists,2.972
1,0,0,0,0,0,1,1,0,0,0,0,0,0,0,0,3,1,0,136,1,0,0,2,387,A,join_vs_subquery,9.066
0,0,0,0,0,0,3,1,0,0,0,0,0,0,0,2,4,1,0,216,0,0,1,2,387,B,join_vs_subquery,16.223
0,0,0,0,1,1,1,1,0,0,0,0,0,0,0,0,1,0,0,113,1,0,1,0,388,A,orderby_variant,1.868
0,0,0,0,1,1,1,1,0,0,0,0,0,0,0,0,1,0,0,111,0,0,1,0,388,B,orderby_variant,0.127
0,0,0,0,0,0,1,1,1,0,0,0,0,0,0,1,1,0,0,59,0,0,0,1,389,A,count_star_vs_one,0.027
0,0,0,0,0,0,1,1,1,0,0,0,0,0,0,1,1,0,0,59,0,0,0,1,389,B,count_star_vs_one,0.031
0,0,1,0,0,0,2,1,0,0,0,0,0,0,0,1,2,1,0,132,0,0,1,1,390,A,in_vs_exists,10.268
0,1,0,0,0,0,2,1,0,0,0,0,0,0,0,1,3,2,0,144,1,0,0,2,390,B,in_vs_exists,3.083
0,0,0,0,1,1,1,1,0,0,0,0,0,0,0,0,1,0,0,113,1,0,1,0,391,A,orderby_variant,1.658
0,0,0,0,1,1,1,1,0,0,0,0,0,0,0,0,1,0,0,111,0,0,1,0,391,B,orderby_variant,0.142
1,0,0,0,0,0,1,1,0,0,0,0,0,0,0,0,3,1,0,136,1,0,0,2,392,A,join_vs_subquery,9.634
0,0,0,0,0,0,3,1,0,0,0,0,0,0,0,2,4,1,0,216,0,0,1,2,392,B,join_vs_subquery,16.338
0,0,0,0,1,1,1,1,0,0,0,0,0,0,0,0,1,0,0,112,1,0,1,0,393,A,orderby_variant,0.333
0,0,0,0,1,1,1,1,0,0,0,0,0,0,0,0,1,0,0,110,0,0,1,0,393,B,orderby_variant,0.06
0,0,1,0,0,0,2,1,0,0,0,0,0,0,0,1,2,1,0,132,0,0,1,1,394,A,in_vs_exists,10.133
0,1,0,0,0,0,2,1,0,0,0,0,0,0,0,1,3,2,0,144,1,0,0,2,394,B,in_vs_exists,2.717
0,0,0,0,1,1,1,1,0,0,0,0,0,0,0,0,1,0,0,114,1,0,1,0,395,A,orderby_variant,1.544
0,0,0,0,1,1,1,1,0,0,0,0,0,0,0,0,1,0,0,112,0,0,1,0,395,B,orderby_variant,0.147
0,0,0,0,1,1,1,1,0,0,0,0,0,0,0,0,1,0,0,114,1,0,1,0,396,A,orderby_variant,0.349
0,0,0,0,1,1,1,1,0,0,0,0,0,0,0,0,1,0,0,112,0,0,1,0,396,B,orderby_variant,0.057
1,0,0,0,0,0,1,1,0,0,0,0,0,0,0,0,3,1,0,136,1,0,0,2,397,A,join_vs_subquery,9.214
0,0,0,0,0,0,3,1,0,0,0,0,0,0,0,2,4,1,0,216,0,0,1,2,397,B,join_vs_subquery,16.099
1,0,0,0,0,0,1,1,0,0,0,0,0,0,0,0,3,1,0,139,1,0,0,2,398,A,join_vs_subquery,9.613
0,0,0,0,0,0,3,1,0,0,0,0,0,0,0,2,4,1,0,219,0,0,1,2,398,B,join_vs_subquery,16.652
1,0,0,0,0,0,1,1,0,0,0,0,0,0,0,0,3,1,0,143,1,0,0,2,399,A,join_vs_subquery,8.278
0,0,0,0,0,0,3,1,0,0,0,0,0,0,0,2,4,1,0,223,0,0,1,2,399,B,join_vs_subquery,16.129
